[{"@type":"mappingTemplate","id":"@1","name":"m_seqgen_only_currval_mapped","description":"seqgen with default properties and only Currval is mapped to target","bundleVersion":"0","templateId":"@3","deployTime":1568439175000,"hasParameters":false,"valid":true,"fixedConnection":true,"hasParametersDeployed":false,"fixedConnectionDeployed":true,"tasks":0,"mappingPreviewFileRecordId":"@2","references":[{"@type":"reference","refObjectId":"@eILspZGFCIbhQkhLkaEqcP","refType":"connection"},{"@type":"reference","refObjectId":"@jXIo8zW76GCbUMZESik6C7","refType":"connection"}]}]