[{"@type":"mappingTemplate","id":"@1","name":"m_db_lkp_condition_parameterized","description":"Lookup Condtion Parameter has a default value","bundleVersion":"0","templateId":"@3","deployTime":1568441601000,"hasParameters":true,"valid":true,"fixedConnection":true,"hasParametersDeployed":true,"fixedConnectionDeployed":true,"tasks":0,"mappingPreviewFileRecordId":"@2","references":[{"@type":"reference","refObjectId":"@eILspZGFCIbhQkhLkaEqcP","refType":"connection"},{"@type":"reference","refObjectId":"@jXIo8zW76GCbUMZESik6C7","refType":"connection"}]}]