[{"@type":"mappingTemplate","id":"@1","name":"m_db_lkp_condition_parameterized","description":"Lookup Condtion Parameter has a default value","bundleVersion":"0","templateId":"@3","deployTime":1568917583000,"hasParameters":true,"valid":true,"fixedConnection":true,"hasParametersDeployed":true,"fixedConnectionDeployed":true,"tasks":0,"mappingPreviewFileRecordId":"@2","references":[{"@type":"reference","refObjectId":"@1CCi1dA6s0ec0Xede7cD0J","refType":"connection"},{"@type":"reference","refObjectId":"@5yXxrwjhS74lojyvnwNmQA","refType":"connection"}]}]