[{"@type":"mappingTemplate","id":"@1","name":"m_SP_with_explicit_return_value_SS_out_port_mapped","description":"Check if salary above threshold","bundleVersion":"0","templateId":"@3","deployTime":1570203491000,"hasParameters":false,"valid":true,"fixedConnection":true,"hasParametersDeployed":false,"fixedConnectionDeployed":true,"tasks":0,"mappingPreviewFileRecordId":"@2","references":[{"@type":"reference","refObjectId":"@7QCau7UhySTeQ62EQlP8k5","refType":"connection"},{"@type":"reference","refObjectId":"@1CCi1dA6s0ec0Xede7cD0J","refType":"connection"}]}]