[{"@type":"mappingTemplate","id":"@1","name":"m_joiner_same_objName_diff_case","description":"cmd_joiner_tc059 - ICS-3209","bundleVersion":"0","templateId":"@3","deployTime":1568672450000,"hasParameters":false,"valid":true,"fixedConnection":true,"hasParametersDeployed":false,"fixedConnectionDeployed":true,"tasks":1,"mappingPreviewFileRecordId":"@2","references":[{"@type":"reference","refObjectId":"@1CCi1dA6s0ec0Xede7cD0J","refType":"connection"},{"@type":"reference","refObjectId":"@5yXxrwjhS74lojyvnwNmQA","refType":"connection"},{"@type":"reference","refObjectId":"@f90KPYP6Qk5egEEOjt5BIO","refType":"connection"}]}]