[{"@type":"mappingTemplate","id":"@1","name":"m_seqgen_with_mapplet_src","description":"SeqGen with default properties and mapplet source is used instead of regular source","bundleVersion":"0","templateId":"@3","deployTime":1570203819000,"hasParameters":false,"valid":true,"fixedConnection":true,"hasParametersDeployed":false,"fixedConnectionDeployed":true,"tasks":1,"mappingPreviewFileRecordId":"@2","references":[{"@type":"reference","refObjectId":"@04l3L0e82G4cjBAuxpgbkZ","refType":"customFunc"},{"@type":"reference","refObjectId":"@1CCi1dA6s0ec0Xede7cD0J","refType":"connection"},{"@type":"reference","refObjectId":"@5yXxrwjhS74lojyvnwNmQA","refType":"connection"}]}]