[{"@type":"mappingTemplate","id":"@1","name":"m_seqgen_with_zero_source_record","description":"seqgen with default properties but source has 0 records","bundleVersion":"0","templateId":"@3","deployTime":1570203616000,"hasParameters":false,"valid":true,"fixedConnection":true,"hasParametersDeployed":false,"fixedConnectionDeployed":true,"tasks":1,"mappingPreviewFileRecordId":"@2","references":[{"@type":"reference","refObjectId":"@1CCi1dA6s0ec0Xede7cD0J","refType":"connection"},{"@type":"reference","refObjectId":"@f90KPYP6Qk5egEEOjt5BIO","refType":"connection"}]}]