[{"@type":"mappingTemplate","id":"@1","name":"m_seqgen_with_zero_source_record","description":"seqgen with default properties but source has 0 records","bundleVersion":"0","templateId":"@3","deployTime":1568439173000,"hasParameters":false,"valid":true,"fixedConnection":true,"hasParametersDeployed":false,"fixedConnectionDeployed":true,"tasks":0,"mappingPreviewFileRecordId":"@2","references":[{"@type":"reference","refObjectId":"@2URMUf8WBp0hRWMvw94Fig","refType":"connection"},{"@type":"reference","refObjectId":"@jXIo8zW76GCbUMZESik6C7","refType":"connection"}]}]