[{"@type":"customFunc","id":"@1","name":"mplt_transaction_control","mappletName":"mplt_Transaction_Control_Dynamic_FlatFile","active":true,"mappletXmlFile":"wf_m_mplt_MySQL_FF_TCT_Dynamic_Target.XML","category":"POWERCENTER_MAPPLET","inputs":[{"@type":"field","id":106002317,"name":"F1_TESTCASE_DESC","type":"nstring","uniqueName":"F1_TESTCASE_DESC","label":"F1_TESTCASE_DESC","parentObject":"mplt_transaction_control","precision":120,"scale":0,"columnIndex":-1,"isKey":false,"isExternalId":false,"isSfIdLookup":false,"isNullable":true,"isUnique":false,"isCreateable":false,"isUpdateable":true,"isFilterable":true,"isCalculated":false,"showLabel":true,"naturalOrder":0,"linkedFields":[],"relatedInfos":[],"references":[]},{"@type":"field","id":106002319,"name":"F2_VARCHAR2_38","type":"nstring","uniqueName":"F2_VARCHAR2_38","label":"F2_VARCHAR2_38","parentObject":"mplt_transaction_control","precision":38,"scale":0,"columnIndex":-1,"isKey":false,"isExternalId":false,"isSfIdLookup":false,"isNullable":true,"isUnique":false,"isCreateable":false,"isUpdateable":true,"isFilterable":true,"isCalculated":false,"showLabel":true,"naturalOrder":0,"linkedFields":[],"relatedInfos":[],"references":[]},{"@type":"field","id":106002321,"name":"F3_NVARCHAR2_20","type":"string","uniqueName":"F3_NVARCHAR2_20","label":"F3_NVARCHAR2_20","parentObject":"mplt_transaction_control","precision":20,"scale":0,"columnIndex":-1,"isKey":false,"isExternalId":false,"isSfIdLookup":false,"isNullable":true,"isUnique":false,"isCreateable":false,"isUpdateable":true,"isFilterable":true,"isCalculated":false,"showLabel":true,"naturalOrder":0,"linkedFields":[],"relatedInfos":[],"references":[]},{"@type":"field","id":106002323,"name":"F4_CHAR_DEF","type":"nstring","uniqueName":"F4_CHAR_DEF","label":"F4_CHAR_DEF","parentObject":"mplt_transaction_control","precision":1,"scale":0,"columnIndex":-1,"isKey":false,"isExternalId":false,"isSfIdLookup":false,"isNullable":true,"isUnique":false,"isCreateable":false,"isUpdateable":true,"isFilterable":true,"isCalculated":false,"showLabel":true,"naturalOrder":0,"linkedFields":[],"relatedInfos":[],"references":[]},{"@type":"field","id":106002325,"name":"F5_CHAR_40","type":"nstring","uniqueName":"F5_CHAR_40","label":"F5_CHAR_40","parentObject":"mplt_transaction_control","precision":40,"scale":0,"columnIndex":-1,"isKey":false,"isExternalId":false,"isSfIdLookup":false,"isNullable":true,"isUnique":false,"isCreateable":false,"isUpdateable":true,"isFilterable":true,"isCalculated":false,"showLabel":true,"naturalOrder":0,"linkedFields":[],"relatedInfos":[],"references":[]},{"@type":"field","id":106002327,"name":"F6_NCHAR_DEF","type":"string","uniqueName":"F6_NCHAR_DEF","label":"F6_NCHAR_DEF","parentObject":"mplt_transaction_control","precision":1,"scale":0,"columnIndex":-1,"isKey":false,"isExternalId":false,"isSfIdLookup":false,"isNullable":true,"isUnique":false,"isCreateable":false,"isUpdateable":true,"isFilterable":true,"isCalculated":false,"showLabel":true,"naturalOrder":0,"linkedFields":[],"relatedInfos":[],"references":[]},{"@type":"field","id":106002329,"name":"F7_NCHAR_18","type":"string","uniqueName":"F7_NCHAR_18","label":"F7_NCHAR_18","parentObject":"mplt_transaction_control","precision":18,"scale":0,"columnIndex":-1,"isKey":false,"isExternalId":false,"isSfIdLookup":false,"isNullable":true,"isUnique":false,"isCreateable":false,"isUpdateable":true,"isFilterable":true,"isCalculated":false,"showLabel":true,"naturalOrder":0,"linkedFields":[],"relatedInfos":[],"references":[]},{"@type":"field","id":106002331,"name":"F8_NUMBER_DEF","type":"double","uniqueName":"F8_NUMBER_DEF","label":"F8_NUMBER_DEF","parentObject":"mplt_transaction_control","precision":15,"scale":0,"columnIndex":-1,"isKey":false,"isExternalId":false,"isSfIdLookup":false,"isNullable":true,"isUnique":false,"isCreateable":false,"isUpdateable":true,"isFilterable":true,"isCalculated":false,"showLabel":true,"naturalOrder":0,"linkedFields":[],"relatedInfos":[],"references":[]},{"@type":"field","id":106002333,"name":"F9_DECIMAL_10_3","type":"decimal","uniqueName":"F9_DECIMAL_10_3","label":"F9_DECIMAL_10_3","parentObject":"mplt_transaction_control","precision":10,"scale":3,"columnIndex":-1,"isKey":false,"isExternalId":false,"isSfIdLookup":false,"isNullable":true,"isUnique":false,"isCreateable":false,"isUpdateable":true,"isFilterable":true,"isCalculated":false,"showLabel":true,"naturalOrder":0,"linkedFields":[],"relatedInfos":[],"references":[]},{"@type":"field","id":106002335,"name":"F10_FLOAT_DEF","type":"double","uniqueName":"F10_FLOAT_DEF","label":"F10_FLOAT_DEF","parentObject":"mplt_transaction_control","precision":15,"scale":0,"columnIndex":-1,"isKey":false,"isExternalId":false,"isSfIdLookup":false,"isNullable":true,"isUnique":false,"isCreateable":false,"isUpdateable":true,"isFilterable":true,"isCalculated":false,"showLabel":true,"naturalOrder":0,"linkedFields":[],"relatedInfos":[],"references":[]},{"@type":"field","id":106002337,"name":"F11_DATE_DEF","type":"date/time","uniqueName":"F11_DATE_DEF","label":"F11_DATE_DEF","parentObject":"mplt_transaction_control","precision":29,"scale":9,"columnIndex":-1,"isKey":false,"isExternalId":false,"isSfIdLookup":false,"isNullable":true,"isUnique":false,"isCreateable":false,"isUpdateable":true,"isFilterable":true,"isCalculated":false,"showLabel":true,"naturalOrder":0,"linkedFields":[],"relatedInfos":[],"references":[]},{"@type":"field","id":106002339,"name":"F12_TIMESTAMP_DEF","type":"date/time","uniqueName":"F12_TIMESTAMP_DEF","label":"F12_TIMESTAMP_DEF","parentObject":"mplt_transaction_control","precision":29,"scale":9,"columnIndex":-1,"isKey":false,"isExternalId":false,"isSfIdLookup":false,"isNullable":true,"isUnique":false,"isCreateable":false,"isUpdateable":true,"isFilterable":true,"isCalculated":false,"showLabel":true,"naturalOrder":0,"linkedFields":[],"relatedInfos":[],"references":[]}],"outputs":[{"@type":"field","id":106002341,"name":"F1_TESTCASE_DESC1","type":"nstring","uniqueName":"F1_TESTCASE_DESC1","label":"F1_TESTCASE_DESC1","parentObject":"mplt_transaction_control","precision":120,"scale":0,"columnIndex":-1,"isKey":false,"isExternalId":false,"isSfIdLookup":false,"isNullable":true,"isUnique":false,"isCreateable":false,"isUpdateable":true,"isFilterable":true,"isCalculated":false,"showLabel":true,"naturalOrder":0,"linkedFields":[],"relatedInfos":[],"references":[]},{"@type":"field","id":106002343,"name":"F2_VARCHAR2_381","type":"nstring","uniqueName":"F2_VARCHAR2_381","label":"F2_VARCHAR2_381","parentObject":"mplt_transaction_control","precision":38,"scale":0,"columnIndex":-1,"isKey":false,"isExternalId":false,"isSfIdLookup":false,"isNullable":true,"isUnique":false,"isCreateable":false,"isUpdateable":true,"isFilterable":true,"isCalculated":false,"showLabel":true,"naturalOrder":0,"linkedFields":[],"relatedInfos":[],"references":[]},{"@type":"field","id":106002345,"name":"F3_NVARCHAR2_201","type":"string","uniqueName":"F3_NVARCHAR2_201","label":"F3_NVARCHAR2_201","parentObject":"mplt_transaction_control","precision":20,"scale":0,"columnIndex":-1,"isKey":false,"isExternalId":false,"isSfIdLookup":false,"isNullable":true,"isUnique":false,"isCreateable":false,"isUpdateable":true,"isFilterable":true,"isCalculated":false,"showLabel":true,"naturalOrder":0,"linkedFields":[],"relatedInfos":[],"references":[]},{"@type":"field","id":106002347,"name":"F4_CHAR_DEF1","type":"nstring","uniqueName":"F4_CHAR_DEF1","label":"F4_CHAR_DEF1","parentObject":"mplt_transaction_control","precision":1,"scale":0,"columnIndex":-1,"isKey":false,"isExternalId":false,"isSfIdLookup":false,"isNullable":true,"isUnique":false,"isCreateable":false,"isUpdateable":true,"isFilterable":true,"isCalculated":false,"showLabel":true,"naturalOrder":0,"linkedFields":[],"relatedInfos":[],"references":[]},{"@type":"field","id":106002349,"name":"F5_CHAR_401","type":"nstring","uniqueName":"F5_CHAR_401","label":"F5_CHAR_401","parentObject":"mplt_transaction_control","precision":40,"scale":0,"columnIndex":-1,"isKey":false,"isExternalId":false,"isSfIdLookup":false,"isNullable":true,"isUnique":false,"isCreateable":false,"isUpdateable":true,"isFilterable":true,"isCalculated":false,"showLabel":true,"naturalOrder":0,"linkedFields":[],"relatedInfos":[],"references":[]},{"@type":"field","id":106002351,"name":"F6_NCHAR_DEF1","type":"string","uniqueName":"F6_NCHAR_DEF1","label":"F6_NCHAR_DEF1","parentObject":"mplt_transaction_control","precision":1,"scale":0,"columnIndex":-1,"isKey":false,"isExternalId":false,"isSfIdLookup":false,"isNullable":true,"isUnique":false,"isCreateable":false,"isUpdateable":true,"isFilterable":true,"isCalculated":false,"showLabel":true,"naturalOrder":0,"linkedFields":[],"relatedInfos":[],"references":[]},{"@type":"field","id":106002353,"name":"F7_NCHAR_181","type":"string","uniqueName":"F7_NCHAR_181","label":"F7_NCHAR_181","parentObject":"mplt_transaction_control","precision":18,"scale":0,"columnIndex":-1,"isKey":false,"isExternalId":false,"isSfIdLookup":false,"isNullable":true,"isUnique":false,"isCreateable":false,"isUpdateable":true,"isFilterable":true,"isCalculated":false,"showLabel":true,"naturalOrder":0,"linkedFields":[],"relatedInfos":[],"references":[]},{"@type":"field","id":106002355,"name":"F8_NUMBER_DEF1","type":"double","uniqueName":"F8_NUMBER_DEF1","label":"F8_NUMBER_DEF1","parentObject":"mplt_transaction_control","precision":15,"scale":0,"columnIndex":-1,"isKey":false,"isExternalId":false,"isSfIdLookup":false,"isNullable":true,"isUnique":false,"isCreateable":false,"isUpdateable":true,"isFilterable":true,"isCalculated":false,"showLabel":true,"naturalOrder":0,"linkedFields":[],"relatedInfos":[],"references":[]},{"@type":"field","id":106002357,"name":"F9_DECIMAL_10_31","type":"decimal","uniqueName":"F9_DECIMAL_10_31","label":"F9_DECIMAL_10_31","parentObject":"mplt_transaction_control","precision":10,"scale":3,"columnIndex":-1,"isKey":false,"isExternalId":false,"isSfIdLookup":false,"isNullable":true,"isUnique":false,"isCreateable":false,"isUpdateable":true,"isFilterable":true,"isCalculated":false,"showLabel":true,"naturalOrder":0,"linkedFields":[],"relatedInfos":[],"references":[]},{"@type":"field","id":106002359,"name":"F10_FLOAT_DEF1","type":"double","uniqueName":"F10_FLOAT_DEF1","label":"F10_FLOAT_DEF1","parentObject":"mplt_transaction_control","precision":15,"scale":0,"columnIndex":-1,"isKey":false,"isExternalId":false,"isSfIdLookup":false,"isNullable":true,"isUnique":false,"isCreateable":false,"isUpdateable":true,"isFilterable":true,"isCalculated":false,"showLabel":true,"naturalOrder":0,"linkedFields":[],"relatedInfos":[],"references":[]},{"@type":"field","id":106002361,"name":"F11_DATE_DEF1","type":"date/time","uniqueName":"F11_DATE_DEF1","label":"F11_DATE_DEF1","parentObject":"mplt_transaction_control","precision":29,"scale":9,"columnIndex":-1,"isKey":false,"isExternalId":false,"isSfIdLookup":false,"isNullable":true,"isUnique":false,"isCreateable":false,"isUpdateable":true,"isFilterable":true,"isCalculated":false,"showLabel":true,"naturalOrder":0,"linkedFields":[],"relatedInfos":[],"references":[]},{"@type":"field","id":106002363,"name":"F12_TIMESTAMP_DEF1","type":"date/time","uniqueName":"F12_TIMESTAMP_DEF1","label":"F12_TIMESTAMP_DEF1","parentObject":"mplt_transaction_control","precision":29,"scale":9,"columnIndex":-1,"isKey":false,"isExternalId":false,"isSfIdLookup":false,"isNullable":true,"isUnique":false,"isCreateable":false,"isUpdateable":true,"isFilterable":true,"isCalculated":false,"showLabel":true,"naturalOrder":0,"linkedFields":[],"relatedInfos":[],"references":[]},{"@type":"field","id":106002365,"name":"FILE_NAME","type":"string","uniqueName":"FILE_NAME","label":"FILE_NAME","parentObject":"mplt_transaction_control","precision":50,"scale":0,"columnIndex":-1,"isKey":false,"isExternalId":false,"isSfIdLookup":false,"isNullable":true,"isUnique":false,"isCreateable":false,"isUpdateable":true,"isFilterable":true,"isCalculated":false,"showLabel":true,"naturalOrder":0,"linkedFields":[],"relatedInfos":[],"references":[]}],"connections":[]}]