[{"@type":"customFunc","id":"@1","name":"mplt_seqgen_src","mappletName":"mplt_seqgen_src","active":false,"mappletXmlFile":"wf_m_mplt_seqgen_src.XML","category":"POWERCENTER_MAPPLET","inputs":[],"outputs":[{"@type":"field","id":105448947,"name":"F1_STRING","type":"string","uniqueName":"F1_STRING","label":"F1_STRING","parentObject":"mplt_seqgen_src","precision":120,"scale":0,"columnIndex":-1,"isKey":false,"isExternalId":false,"isSfIdLookup":false,"isNullable":true,"isUnique":false,"isCreateable":false,"isUpdateable":true,"isFilterable":true,"isCalculated":false,"showLabel":true,"naturalOrder":0,"linkedFields":[],"relatedInfos":[],"references":[]},{"@type":"field","id":105448949,"name":"F2_STRING","type":"string","uniqueName":"F2_STRING","label":"F2_STRING","parentObject":"mplt_seqgen_src","precision":38,"scale":0,"columnIndex":-1,"isKey":false,"isExternalId":false,"isSfIdLookup":false,"isNullable":true,"isUnique":false,"isCreateable":false,"isUpdateable":true,"isFilterable":true,"isCalculated":false,"showLabel":true,"naturalOrder":0,"linkedFields":[],"relatedInfos":[],"references":[]},{"@type":"field","id":105448951,"name":"F3_STRING","type":"string","uniqueName":"F3_STRING","label":"F3_STRING","parentObject":"mplt_seqgen_src","precision":40,"scale":0,"columnIndex":-1,"isKey":false,"isExternalId":false,"isSfIdLookup":false,"isNullable":true,"isUnique":false,"isCreateable":false,"isUpdateable":true,"isFilterable":true,"isCalculated":false,"showLabel":true,"naturalOrder":0,"linkedFields":[],"relatedInfos":[],"references":[]},{"@type":"field","id":105448953,"name":"F4_STRING","type":"string","uniqueName":"F4_STRING","label":"F4_STRING","parentObject":"mplt_seqgen_src","precision":1,"scale":0,"columnIndex":-1,"isKey":false,"isExternalId":false,"isSfIdLookup":false,"isNullable":true,"isUnique":false,"isCreateable":false,"isUpdateable":true,"isFilterable":true,"isCalculated":false,"showLabel":true,"naturalOrder":0,"linkedFields":[],"relatedInfos":[],"references":[]},{"@type":"field","id":105448955,"name":"F5_STRING","type":"string","uniqueName":"F5_STRING","label":"F5_STRING","parentObject":"mplt_seqgen_src","precision":40,"scale":0,"columnIndex":-1,"isKey":false,"isExternalId":false,"isSfIdLookup":false,"isNullable":true,"isUnique":false,"isCreateable":false,"isUpdateable":true,"isFilterable":true,"isCalculated":false,"showLabel":true,"naturalOrder":0,"linkedFields":[],"relatedInfos":[],"references":[]},{"@type":"field","id":105448957,"name":"F6_STRING","type":"string","uniqueName":"F6_STRING","label":"F6_STRING","parentObject":"mplt_seqgen_src","precision":1,"scale":0,"columnIndex":-1,"isKey":false,"isExternalId":false,"isSfIdLookup":false,"isNullable":true,"isUnique":false,"isCreateable":false,"isUpdateable":true,"isFilterable":true,"isCalculated":false,"showLabel":true,"naturalOrder":0,"linkedFields":[],"relatedInfos":[],"references":[]},{"@type":"field","id":105448959,"name":"F7_STRING","type":"string","uniqueName":"F7_STRING","label":"F7_STRING","parentObject":"mplt_seqgen_src","precision":18,"scale":0,"columnIndex":-1,"isKey":false,"isExternalId":false,"isSfIdLookup":false,"isNullable":true,"isUnique":false,"isCreateable":false,"isUpdateable":true,"isFilterable":true,"isCalculated":false,"showLabel":true,"naturalOrder":0,"linkedFields":[],"relatedInfos":[],"references":[]},{"@type":"field","id":105448961,"name":"F8_STRING","type":"string","uniqueName":"F8_STRING","label":"F8_STRING","parentObject":"mplt_seqgen_src","precision":40,"scale":0,"columnIndex":-1,"isKey":false,"isExternalId":false,"isSfIdLookup":false,"isNullable":true,"isUnique":false,"isCreateable":false,"isUpdateable":true,"isFilterable":true,"isCalculated":false,"showLabel":true,"naturalOrder":0,"linkedFields":[],"relatedInfos":[],"references":[]},{"@type":"field","id":105448963,"name":"F1_INT","type":"integer","uniqueName":"F1_INT","label":"F1_INT","parentObject":"mplt_seqgen_src","precision":10,"scale":0,"columnIndex":-1,"isKey":false,"isExternalId":false,"isSfIdLookup":false,"isNullable":true,"isUnique":false,"isCreateable":false,"isUpdateable":true,"isFilterable":true,"isCalculated":false,"showLabel":true,"naturalOrder":0,"linkedFields":[],"relatedInfos":[],"references":[]},{"@type":"field","id":105448965,"name":"F2_INT","type":"bigint","uniqueName":"F2_INT","label":"F2_INT","parentObject":"mplt_seqgen_src","precision":19,"scale":0,"columnIndex":-1,"isKey":false,"isExternalId":false,"isSfIdLookup":false,"isNullable":true,"isUnique":false,"isCreateable":false,"isUpdateable":true,"isFilterable":true,"isCalculated":false,"showLabel":true,"naturalOrder":0,"linkedFields":[],"relatedInfos":[],"references":[]},{"@type":"field","id":105448967,"name":"F3_INT","type":"small integer","uniqueName":"F3_INT","label":"F3_INT","parentObject":"mplt_seqgen_src","precision":5,"scale":0,"columnIndex":-1,"isKey":false,"isExternalId":false,"isSfIdLookup":false,"isNullable":true,"isUnique":false,"isCreateable":false,"isUpdateable":true,"isFilterable":true,"isCalculated":false,"showLabel":true,"naturalOrder":0,"linkedFields":[],"relatedInfos":[],"references":[]},{"@type":"field","id":105448969,"name":"F4_INT","type":"small integer","uniqueName":"F4_INT","label":"F4_INT","parentObject":"mplt_seqgen_src","precision":5,"scale":0,"columnIndex":-1,"isKey":false,"isExternalId":false,"isSfIdLookup":false,"isNullable":true,"isUnique":false,"isCreateable":false,"isUpdateable":true,"isFilterable":true,"isCalculated":false,"showLabel":true,"naturalOrder":0,"linkedFields":[],"relatedInfos":[],"references":[]},{"@type":"field","id":105448971,"name":"F5_INT","type":"integer","uniqueName":"F5_INT","label":"F5_INT","parentObject":"mplt_seqgen_src","precision":10,"scale":0,"columnIndex":-1,"isKey":false,"isExternalId":false,"isSfIdLookup":false,"isNullable":true,"isUnique":false,"isCreateable":false,"isUpdateable":true,"isFilterable":true,"isCalculated":false,"showLabel":true,"naturalOrder":0,"linkedFields":[],"relatedInfos":[],"references":[]},{"@type":"field","id":105448973,"name":"F1_NUMBER","type":"decimal","uniqueName":"F1_NUMBER","label":"F1_NUMBER","parentObject":"mplt_seqgen_src","precision":10,"scale":0,"columnIndex":-1,"isKey":false,"isExternalId":false,"isSfIdLookup":false,"isNullable":true,"isUnique":false,"isCreateable":false,"isUpdateable":true,"isFilterable":true,"isCalculated":false,"showLabel":true,"naturalOrder":0,"linkedFields":[],"relatedInfos":[],"references":[]},{"@type":"field","id":105448975,"name":"F2_NUMBER","type":"decimal","uniqueName":"F2_NUMBER","label":"F2_NUMBER","parentObject":"mplt_seqgen_src","precision":10,"scale":3,"columnIndex":-1,"isKey":false,"isExternalId":false,"isSfIdLookup":false,"isNullable":true,"isUnique":false,"isCreateable":false,"isUpdateable":true,"isFilterable":true,"isCalculated":false,"showLabel":true,"naturalOrder":0,"linkedFields":[],"relatedInfos":[],"references":[]},{"@type":"field","id":105448977,"name":"F3_NUMBER","type":"decimal","uniqueName":"F3_NUMBER","label":"F3_NUMBER","parentObject":"mplt_seqgen_src","precision":10,"scale":0,"columnIndex":-1,"isKey":false,"isExternalId":false,"isSfIdLookup":false,"isNullable":true,"isUnique":false,"isCreateable":false,"isUpdateable":true,"isFilterable":true,"isCalculated":false,"showLabel":true,"naturalOrder":0,"linkedFields":[],"relatedInfos":[],"references":[]},{"@type":"field","id":105448979,"name":"F4_NUMBER","type":"real","uniqueName":"F4_NUMBER","label":"F4_NUMBER","parentObject":"mplt_seqgen_src","precision":7,"scale":0,"columnIndex":-1,"isKey":false,"isExternalId":false,"isSfIdLookup":false,"isNullable":true,"isUnique":false,"isCreateable":false,"isUpdateable":true,"isFilterable":true,"isCalculated":false,"showLabel":true,"naturalOrder":0,"linkedFields":[],"relatedInfos":[],"references":[]},{"@type":"field","id":105448981,"name":"F5_NUMBER","type":"real","uniqueName":"F5_NUMBER","label":"F5_NUMBER","parentObject":"mplt_seqgen_src","precision":7,"scale":0,"columnIndex":-1,"isKey":false,"isExternalId":false,"isSfIdLookup":false,"isNullable":true,"isUnique":false,"isCreateable":false,"isUpdateable":true,"isFilterable":true,"isCalculated":false,"showLabel":true,"naturalOrder":0,"linkedFields":[],"relatedInfos":[],"references":[]},{"@type":"field","id":105448983,"name":"F6_NUMBER","type":"double","uniqueName":"F6_NUMBER","label":"F6_NUMBER","parentObject":"mplt_seqgen_src","precision":15,"scale":0,"columnIndex":-1,"isKey":false,"isExternalId":false,"isSfIdLookup":false,"isNullable":true,"isUnique":false,"isCreateable":false,"isUpdateable":true,"isFilterable":true,"isCalculated":false,"showLabel":true,"naturalOrder":0,"linkedFields":[],"relatedInfos":[],"references":[]},{"@type":"field","id":105448985,"name":"F7_NUMBER","type":"double","uniqueName":"F7_NUMBER","label":"F7_NUMBER","parentObject":"mplt_seqgen_src","precision":15,"scale":0,"columnIndex":-1,"isKey":false,"isExternalId":false,"isSfIdLookup":false,"isNullable":true,"isUnique":false,"isCreateable":false,"isUpdateable":true,"isFilterable":true,"isCalculated":false,"showLabel":true,"naturalOrder":0,"linkedFields":[],"relatedInfos":[],"references":[]},{"@type":"field","id":105448987,"name":"F8_NUMBER","type":"string","uniqueName":"F8_NUMBER","label":"F8_NUMBER","parentObject":"mplt_seqgen_src","precision":1,"scale":0,"columnIndex":-1,"isKey":false,"isExternalId":false,"isSfIdLookup":false,"isNullable":true,"isUnique":false,"isCreateable":false,"isUpdateable":true,"isFilterable":true,"isCalculated":false,"showLabel":true,"naturalOrder":0,"linkedFields":[],"relatedInfos":[],"references":[]},{"@type":"field","id":105448989,"name":"F1_DATE","type":"date/time","uniqueName":"F1_DATE","label":"F1_DATE","parentObject":"mplt_seqgen_src","precision":29,"scale":9,"columnIndex":-1,"isKey":false,"isExternalId":false,"isSfIdLookup":false,"isNullable":true,"isUnique":false,"isCreateable":false,"isUpdateable":true,"isFilterable":true,"isCalculated":false,"showLabel":true,"naturalOrder":0,"linkedFields":[],"relatedInfos":[],"references":[]},{"@type":"field","id":105448991,"name":"F2_DATE","type":"date/time","uniqueName":"F2_DATE","label":"F2_DATE","parentObject":"mplt_seqgen_src","precision":29,"scale":9,"columnIndex":-1,"isKey":false,"isExternalId":false,"isSfIdLookup":false,"isNullable":true,"isUnique":false,"isCreateable":false,"isUpdateable":true,"isFilterable":true,"isCalculated":false,"showLabel":true,"naturalOrder":0,"linkedFields":[],"relatedInfos":[],"references":[]},{"@type":"field","id":105448993,"name":"F3_DATE","type":"date/time","uniqueName":"F3_DATE","label":"F3_DATE","parentObject":"mplt_seqgen_src","precision":29,"scale":9,"columnIndex":-1,"isKey":false,"isExternalId":false,"isSfIdLookup":false,"isNullable":true,"isUnique":false,"isCreateable":false,"isUpdateable":true,"isFilterable":true,"isCalculated":false,"showLabel":true,"naturalOrder":0,"linkedFields":[],"relatedInfos":[],"references":[]},{"@type":"field","id":105448995,"name":"F4_DATE","type":"date/time","uniqueName":"F4_DATE","label":"F4_DATE","parentObject":"mplt_seqgen_src","precision":29,"scale":9,"columnIndex":-1,"isKey":false,"isExternalId":false,"isSfIdLookup":false,"isNullable":true,"isUnique":false,"isCreateable":false,"isUpdateable":true,"isFilterable":true,"isCalculated":false,"showLabel":true,"naturalOrder":0,"linkedFields":[],"relatedInfos":[],"references":[]},{"@type":"field","id":105448997,"name":"F5_DATE","type":"date/time","uniqueName":"F5_DATE","label":"F5_DATE","parentObject":"mplt_seqgen_src","precision":29,"scale":9,"columnIndex":-1,"isKey":false,"isExternalId":false,"isSfIdLookup":false,"isNullable":true,"isUnique":false,"isCreateable":false,"isUpdateable":true,"isFilterable":true,"isCalculated":false,"showLabel":true,"naturalOrder":0,"linkedFields":[],"relatedInfos":[],"references":[]},{"@type":"field","id":105448999,"name":"F6_DATE","type":"date/time","uniqueName":"F6_DATE","label":"F6_DATE","parentObject":"mplt_seqgen_src","precision":29,"scale":9,"columnIndex":-1,"isKey":false,"isExternalId":false,"isSfIdLookup":false,"isNullable":true,"isUnique":false,"isCreateable":false,"isUpdateable":true,"isFilterable":true,"isCalculated":false,"showLabel":true,"naturalOrder":0,"linkedFields":[],"relatedInfos":[],"references":[]},{"@type":"field","id":105449001,"name":"F1_BOOLEAN","type":"string","uniqueName":"F1_BOOLEAN","label":"F1_BOOLEAN","parentObject":"mplt_seqgen_src","precision":1,"scale":0,"columnIndex":-1,"isKey":false,"isExternalId":false,"isSfIdLookup":false,"isNullable":true,"isUnique":false,"isCreateable":false,"isUpdateable":true,"isFilterable":true,"isCalculated":false,"showLabel":true,"naturalOrder":0,"linkedFields":[],"relatedInfos":[],"references":[]},{"@type":"field","id":105449003,"name":"F2_BOOLEAN","type":"string","uniqueName":"F2_BOOLEAN","label":"F2_BOOLEAN","parentObject":"mplt_seqgen_src","precision":1,"scale":0,"columnIndex":-1,"isKey":false,"isExternalId":false,"isSfIdLookup":false,"isNullable":true,"isUnique":false,"isCreateable":false,"isUpdateable":true,"isFilterable":true,"isCalculated":false,"showLabel":true,"naturalOrder":0,"linkedFields":[],"relatedInfos":[],"references":[]}],"connections":[{"@type":"pcsConnection","id":13515,"name":"DSN_MySQL_shantosh","type":"Relational","subType":"ODBC"}]}]