[{"@type":"mappingTemplate","id":"@1","name":"m_db_lkp_single_condition_object_parametrized","description":"Lookup field need to be parameterized when lookup object is parameterized","bundleVersion":"0","templateId":"@3","deployTime":1568441599000,"hasParameters":true,"valid":true,"fixedConnection":true,"hasParametersDeployed":true,"fixedConnectionDeployed":true,"tasks":0,"mappingPreviewFileRecordId":"@2","references":[{"@type":"reference","refObjectId":"@eILspZGFCIbhQkhLkaEqcP","refType":"connection"},{"@type":"reference","refObjectId":"@jXIo8zW76GCbUMZESik6C7","refType":"connection"}]}]