[{"@type":"customFunc","id":"@1","name":"mplt_multiple_input_group_joiner","mappletName":"mplt_multiple_input_group_joiner","active":false,"mappletXmlFile":"mplt_multiple_input_group_joiner.XML","category":"POWERCENTER_MAPPLET","inputs":[{"@type":"field","id":105239081,"name":"INT","type":"integer","uniqueName":"INT","label":"INT","parentObject":"mplt_multiple_input_group_joiner","precision":10,"scale":0,"columnIndex":-1,"isKey":false,"isExternalId":false,"isSfIdLookup":false,"isNullable":true,"isUnique":false,"isCreateable":false,"isUpdateable":true,"isFilterable":true,"isCalculated":false,"showLabel":true,"naturalOrder":0,"linkedFields":[],"relatedInfos":[],"references":[]},{"@type":"field","id":105239083,"name":"DECIMAL","type":"decimal","uniqueName":"DECIMAL","label":"DECIMAL","parentObject":"mplt_multiple_input_group_joiner","precision":15,"scale":3,"columnIndex":-1,"isKey":false,"isExternalId":false,"isSfIdLookup":false,"isNullable":true,"isUnique":false,"isCreateable":false,"isUpdateable":true,"isFilterable":true,"isCalculated":false,"showLabel":true,"naturalOrder":0,"linkedFields":[],"relatedInfos":[],"references":[]},{"@type":"field","id":105239085,"name":"STRING1","type":"string","uniqueName":"STRING1","label":"STRING1","parentObject":"mplt_multiple_input_group_joiner","precision":255,"scale":0,"columnIndex":-1,"isKey":false,"isExternalId":false,"isSfIdLookup":false,"isNullable":true,"isUnique":false,"isCreateable":false,"isUpdateable":true,"isFilterable":true,"isCalculated":false,"showLabel":true,"naturalOrder":0,"linkedFields":[],"relatedInfos":[],"references":[]},{"@type":"field","id":105239087,"name":"STRING2","type":"string","uniqueName":"STRING2","label":"STRING2","parentObject":"mplt_multiple_input_group_joiner","precision":255,"scale":0,"columnIndex":-1,"isKey":false,"isExternalId":false,"isSfIdLookup":false,"isNullable":true,"isUnique":false,"isCreateable":false,"isUpdateable":true,"isFilterable":true,"isCalculated":false,"showLabel":true,"naturalOrder":0,"linkedFields":[],"relatedInfos":[],"references":[]},{"@type":"field","id":105239089,"name":"DATE","type":"date/time","uniqueName":"DATE","label":"DATE","parentObject":"mplt_multiple_input_group_joiner","precision":29,"scale":9,"columnIndex":-1,"isKey":false,"isExternalId":false,"isSfIdLookup":false,"isNullable":true,"isUnique":false,"isCreateable":false,"isUpdateable":true,"isFilterable":true,"isCalculated":false,"showLabel":true,"naturalOrder":0,"linkedFields":[],"relatedInfos":[],"references":[]},{"@type":"field","id":105239091,"name":"INT1","type":"integer","uniqueName":"INT1","label":"INT1","parentObject":"mplt_multiple_input_group_joiner","precision":10,"scale":0,"columnIndex":-1,"isKey":false,"isExternalId":false,"isSfIdLookup":false,"isNullable":true,"isUnique":false,"isCreateable":false,"isUpdateable":true,"isFilterable":true,"isCalculated":false,"showLabel":true,"naturalOrder":0,"linkedFields":[],"relatedInfos":[],"references":[]},{"@type":"field","id":105239093,"name":"DECIMAL1","type":"decimal","uniqueName":"DECIMAL1","label":"DECIMAL1","parentObject":"mplt_multiple_input_group_joiner","precision":15,"scale":3,"columnIndex":-1,"isKey":false,"isExternalId":false,"isSfIdLookup":false,"isNullable":true,"isUnique":false,"isCreateable":false,"isUpdateable":true,"isFilterable":true,"isCalculated":false,"showLabel":true,"naturalOrder":0,"linkedFields":[],"relatedInfos":[],"references":[]},{"@type":"field","id":105239095,"name":"STRING11","type":"string","uniqueName":"STRING11","label":"STRING11","parentObject":"mplt_multiple_input_group_joiner","precision":255,"scale":0,"columnIndex":-1,"isKey":false,"isExternalId":false,"isSfIdLookup":false,"isNullable":true,"isUnique":false,"isCreateable":false,"isUpdateable":true,"isFilterable":true,"isCalculated":false,"showLabel":true,"naturalOrder":0,"linkedFields":[],"relatedInfos":[],"references":[]},{"@type":"field","id":105239097,"name":"STRING21","type":"string","uniqueName":"STRING21","label":"STRING21","parentObject":"mplt_multiple_input_group_joiner","precision":255,"scale":0,"columnIndex":-1,"isKey":false,"isExternalId":false,"isSfIdLookup":false,"isNullable":true,"isUnique":false,"isCreateable":false,"isUpdateable":true,"isFilterable":true,"isCalculated":false,"showLabel":true,"naturalOrder":0,"linkedFields":[],"relatedInfos":[],"references":[]},{"@type":"field","id":105239099,"name":"DATE1","type":"date/time","uniqueName":"DATE1","label":"DATE1","parentObject":"mplt_multiple_input_group_joiner","precision":29,"scale":9,"columnIndex":-1,"isKey":false,"isExternalId":false,"isSfIdLookup":false,"isNullable":true,"isUnique":false,"isCreateable":false,"isUpdateable":true,"isFilterable":true,"isCalculated":false,"showLabel":true,"naturalOrder":0,"linkedFields":[],"relatedInfos":[],"references":[]}],"outputs":[{"@type":"field","id":105239101,"name":"OUT_INT","type":"integer","uniqueName":"OUT_INT","label":"OUT_INT","parentObject":"mplt_multiple_input_group_joiner","precision":10,"scale":0,"columnIndex":-1,"isKey":false,"isExternalId":false,"isSfIdLookup":false,"isNullable":true,"isUnique":false,"isCreateable":false,"isUpdateable":true,"isFilterable":true,"isCalculated":false,"showLabel":true,"naturalOrder":0,"linkedFields":[],"relatedInfos":[],"references":[]},{"@type":"field","id":105239103,"name":"OUT_DECIMAL","type":"decimal","uniqueName":"OUT_DECIMAL","label":"OUT_DECIMAL","parentObject":"mplt_multiple_input_group_joiner","precision":15,"scale":3,"columnIndex":-1,"isKey":false,"isExternalId":false,"isSfIdLookup":false,"isNullable":true,"isUnique":false,"isCreateable":false,"isUpdateable":true,"isFilterable":true,"isCalculated":false,"showLabel":true,"naturalOrder":0,"linkedFields":[],"relatedInfos":[],"references":[]},{"@type":"field","id":105239105,"name":"OUT_STRING1","type":"string","uniqueName":"OUT_STRING1","label":"OUT_STRING1","parentObject":"mplt_multiple_input_group_joiner","precision":255,"scale":0,"columnIndex":-1,"isKey":false,"isExternalId":false,"isSfIdLookup":false,"isNullable":true,"isUnique":false,"isCreateable":false,"isUpdateable":true,"isFilterable":true,"isCalculated":false,"showLabel":true,"naturalOrder":0,"linkedFields":[],"relatedInfos":[],"references":[]},{"@type":"field","id":105239107,"name":"OUT_STRING2","type":"string","uniqueName":"OUT_STRING2","label":"OUT_STRING2","parentObject":"mplt_multiple_input_group_joiner","precision":255,"scale":0,"columnIndex":-1,"isKey":false,"isExternalId":false,"isSfIdLookup":false,"isNullable":true,"isUnique":false,"isCreateable":false,"isUpdateable":true,"isFilterable":true,"isCalculated":false,"showLabel":true,"naturalOrder":0,"linkedFields":[],"relatedInfos":[],"references":[]},{"@type":"field","id":105239109,"name":"OUT_DATE","type":"date/time","uniqueName":"OUT_DATE","label":"OUT_DATE","parentObject":"mplt_multiple_input_group_joiner","precision":29,"scale":9,"columnIndex":-1,"isKey":false,"isExternalId":false,"isSfIdLookup":false,"isNullable":true,"isUnique":false,"isCreateable":false,"isUpdateable":true,"isFilterable":true,"isCalculated":false,"showLabel":true,"naturalOrder":0,"linkedFields":[],"relatedInfos":[],"references":[]},{"@type":"field","id":105239111,"name":"INT11","type":"integer","uniqueName":"INT11","label":"INT11","parentObject":"mplt_multiple_input_group_joiner","precision":10,"scale":0,"columnIndex":-1,"isKey":false,"isExternalId":false,"isSfIdLookup":false,"isNullable":true,"isUnique":false,"isCreateable":false,"isUpdateable":true,"isFilterable":true,"isCalculated":false,"showLabel":true,"naturalOrder":0,"linkedFields":[],"relatedInfos":[],"references":[]},{"@type":"field","id":105239113,"name":"DECIMAL11","type":"decimal","uniqueName":"DECIMAL11","label":"DECIMAL11","parentObject":"mplt_multiple_input_group_joiner","precision":15,"scale":3,"columnIndex":-1,"isKey":false,"isExternalId":false,"isSfIdLookup":false,"isNullable":true,"isUnique":false,"isCreateable":false,"isUpdateable":true,"isFilterable":true,"isCalculated":false,"showLabel":true,"naturalOrder":0,"linkedFields":[],"relatedInfos":[],"references":[]},{"@type":"field","id":105239115,"name":"STRING111","type":"string","uniqueName":"STRING111","label":"STRING111","parentObject":"mplt_multiple_input_group_joiner","precision":255,"scale":0,"columnIndex":-1,"isKey":false,"isExternalId":false,"isSfIdLookup":false,"isNullable":true,"isUnique":false,"isCreateable":false,"isUpdateable":true,"isFilterable":true,"isCalculated":false,"showLabel":true,"naturalOrder":0,"linkedFields":[],"relatedInfos":[],"references":[]},{"@type":"field","id":105239117,"name":"STRING211","type":"string","uniqueName":"STRING211","label":"STRING211","parentObject":"mplt_multiple_input_group_joiner","precision":255,"scale":0,"columnIndex":-1,"isKey":false,"isExternalId":false,"isSfIdLookup":false,"isNullable":true,"isUnique":false,"isCreateable":false,"isUpdateable":true,"isFilterable":true,"isCalculated":false,"showLabel":true,"naturalOrder":0,"linkedFields":[],"relatedInfos":[],"references":[]},{"@type":"field","id":105239119,"name":"DATE11","type":"date/time","uniqueName":"DATE11","label":"DATE11","parentObject":"mplt_multiple_input_group_joiner","precision":29,"scale":9,"columnIndex":-1,"isKey":false,"isExternalId":false,"isSfIdLookup":false,"isNullable":true,"isUnique":false,"isCreateable":false,"isUpdateable":true,"isFilterable":true,"isCalculated":false,"showLabel":true,"naturalOrder":0,"linkedFields":[],"relatedInfos":[],"references":[]}],"connections":[]}]