[{"@type":"customFunc","id":"@1","name":"mplt_http_icrt","mappletName":"mplt_ICRT_RetryDSSTask","active":false,"mappletXmlFile":"new_mplt_ICRT_RetryDSSTask.XML","category":"POWERCENTER_MAPPLET","inputs":[{"@type":"field","id":106470921,"name":"taskName","type":"string","uniqueName":"taskName","label":"taskName","parentObject":"mplt_http_icrt","precision":256,"scale":0,"columnIndex":-1,"isKey":false,"isExternalId":false,"isSfIdLookup":false,"isNullable":true,"isUnique":false,"isCreateable":false,"isUpdateable":true,"isFilterable":true,"isCalculated":false,"showLabel":true,"naturalOrder":0,"linkedFields":[],"relatedInfos":[],"references":[]},{"@type":"field","id":106470923,"name":"waitTimeInSecs","type":"string","uniqueName":"waitTimeInSecs","label":"waitTimeInSecs","parentObject":"mplt_http_icrt","precision":256,"scale":0,"columnIndex":-1,"isKey":false,"isExternalId":false,"isSfIdLookup":false,"isNullable":true,"isUnique":false,"isCreateable":false,"isUpdateable":true,"isFilterable":true,"isCalculated":false,"showLabel":true,"naturalOrder":0,"linkedFields":[],"relatedInfos":[],"references":[]},{"@type":"field","id":106470925,"name":"maxNumOfRuns","type":"string","uniqueName":"maxNumOfRuns","label":"maxNumOfRuns","parentObject":"mplt_http_icrt","precision":256,"scale":0,"columnIndex":-1,"isKey":false,"isExternalId":false,"isSfIdLookup":false,"isNullable":true,"isUnique":false,"isCreateable":false,"isUpdateable":true,"isFilterable":true,"isCalculated":false,"showLabel":true,"naturalOrder":0,"linkedFields":[],"relatedInfos":[],"references":[]},{"@type":"field","id":106470927,"name":"retryWaitTime","type":"string","uniqueName":"retryWaitTime","label":"retryWaitTime","parentObject":"mplt_http_icrt","precision":256,"scale":0,"columnIndex":-1,"isKey":false,"isExternalId":false,"isSfIdLookup":false,"isNullable":true,"isUnique":false,"isCreateable":false,"isUpdateable":true,"isFilterable":true,"isCalculated":false,"showLabel":true,"naturalOrder":0,"linkedFields":[],"relatedInfos":[],"references":[]}],"outputs":[{"@type":"field","id":106470929,"name":"httpout","type":"string","uniqueName":"httpout","label":"httpout","parentObject":"mplt_http_icrt","precision":999999,"scale":0,"columnIndex":-1,"isKey":false,"isExternalId":false,"isSfIdLookup":false,"isNullable":true,"isUnique":false,"isCreateable":false,"isUpdateable":true,"isFilterable":true,"isCalculated":false,"showLabel":true,"naturalOrder":0,"linkedFields":[],"relatedInfos":[],"references":[]}],"connections":[]}]