[{"@type":"mtTask","id":"@1","name":"s_m_p2i_ora_filter_check_for_null_old","description":"Session pushed from PC to ICS : s_m_p2i_ora_filter_check_for_null","runtimeEnvironmentId":"@2IJ9xp2JTsekj2MV6K6k6y","maxLogs":10,"verbose":false,"mappingId":"@iJZS42WS846ijVzc7txbsl","shortDescription":"Session pushed from PC to ICS : s_m_p2i_ora_filter...","sessionProperties":{"Additional Concurrent Pipelines for Lookup Cache Creation":"Auto","Allow Pushdown for User Incompatible Connections":"NO","Allow Temporary Sequence for Pushdown":"NO","Allow Temporary View for Pushdown":"NO","Cache LOOKUP() function":"YES","Commit Interval":"10000","Commit On End Of File":"YES","Commit Type":"Target","Constraint based load ordering":"NO","DTM buffer size":"Auto","Data Column Delimiter":"|","DateTime Format String":"MM/DD/YYYY HH24:MI:SS.US","Default buffer block size":"Auto","Enable high precision":"NO","Error Log File Name":"PMError.log","Error Log Type":"None","Incremental Aggregation":"NO","Line Sequential buffer length":"1024","Log Source Row Data":"NO","Maximum Memory Allowed For Auto Memory Attributes":"512MB","Maximum Percentage of Total Memory Allowed For Auto Memory Attributes":"5","On Pre-Post SQL error":"Stop","On Pre-session command task error":"Stop","On Stored Procedure error":"Stop","Override tracing":"None","Pre 85 Timestamp Compatibility":"NO","Pre-build lookup cache":"Auto","Pushdown Optimization":"None","Rollback Transactions on Errors":"NO","Session Log File Name":"s_m_p2i_ora_filter_check_for_null.log","Session Log File directory":"$PMSessionLogDir\\","Session retry on deadlock":"NO","Stop on errors":"0","Treat source rows as":"Insert","Write Backward Compatible Session Log File":"NO"},"enableCrossSchemaPushdown":false,"parameters":[{"@type":"mtTaskParameter","id":2580483,"name":"$SQ_ALLDATATYPES_SRC__C$","type":"EXTENDED_SOURCE","label":"ALLDATATYPES_SRC__CSrcParameter","description":"","uiProperties":{"connectionParameterized":"true","logcnx":"ALLDATATYPES_SRC__CSrcParameter","isMsrcFilterParameterized":"false","isMsrcSortParameterized":"false","objectParameterized":"false","visible":"false"},"sourceConnectionId":"@2KONWYzYl0Cddm4v3Q0j0t","newFlatFile":false,"newObject":false,"showBusinessNames":true,"naturalOrder":true,"truncateTarget":false,"bulkApiDBTarget":false,"customFuncCfg":{"@type":"customFuncConfig","id":-1,"connections":[],"inputMap":[],"outputFields":[]},"tgtFieldRefs":{},"targetUpdateColumns":[],"extendedObject":{"@type":"extendedObject","object":{"@type":"mObject","name":"ALLDATATYPES_SRC__C","label":"ALLDATATYPES_SRC__C","metadataUpdated":false,"relations":[],"children":[]},"filters":[],"sortFields":[]},"runtimeAttrs":{},"isRESTModernSource":true,"isFileList":false,"handleSpecialChars":false,"frsAsset":false,"fetchMode":"ORIGINAL","tgtObjectAttributes":{},"runtimeParameterData":{"@type":"mtTaskRuntimeParameterData","isConnectionRuntimeParameter":false,"isObjectRuntimeParameter":false},"overriddenFields":[]},{"@type":"mtTaskParameter","id":2580485,"name":"$MTT_ALLDATATYPES_SRC__C$","type":"TARGET","label":"MTT_ALLDATATYPES_SRC__CTgtParameter","description":"","uiProperties":{"connectionParameterized":"true","logcnx":"MTT_ALLDATATYPES_SRC__CTgtParameter","default":"MTT_ALLDATATYPES_SRC__C","objectParameterized":"false","visible":"false","defaultTargetUpdateColumns":""},"targetConnectionId":"@2KONWYzYl0Cddm4v3Q0j0t","targetObject":"MTT_ALLDATATYPES_SRC__C","targetObjectLabel":"MTT_ALLDATATYPES_SRC__C","newFlatFile":false,"newObject":false,"showBusinessNames":true,"naturalOrder":true,"truncateTarget":false,"bulkApiDBTarget":false,"operationType":"Insert","customFuncCfg":{"@type":"customFuncConfig","id":-1,"connections":[],"inputMap":[],"outputFields":[]},"tgtFieldRefs":{},"targetUpdateColumns":[],"extendedObject":{"@type":"extendedObject","filters":[],"sortFields":[]},"runtimeAttrs":{},"isRESTModernSource":true,"isFileList":false,"handleSpecialChars":false,"frsAsset":false,"fetchMode":"ORIGINAL","tgtObjectAttributes":{},"runtimeParameterData":{"@type":"mtTaskRuntimeParameterData","isConnectionRuntimeParameter":false,"isObjectRuntimeParameter":false},"overriddenFields":[]}],"sequences":[],"inOutParameters":[],"connRuntimeAttrs":[]}]