[{"@type":"mappingTemplate","id":"@1","name":"m_joiner_field_name_conflict_all_fields","description":"cmd_joiner_tc037","bundleVersion":"0","templateId":"@3","deployTime":1568917547000,"hasParameters":false,"valid":true,"fixedConnection":true,"hasParametersDeployed":false,"fixedConnectionDeployed":true,"tasks":1,"mappingPreviewFileRecordId":"@2","references":[{"@type":"reference","refObjectId":"@1CCi1dA6s0ec0Xede7cD0J","refType":"connection"},{"@type":"reference","refObjectId":"@5yXxrwjhS74lojyvnwNmQA","refType":"connection"},{"@type":"reference","refObjectId":"@f90KPYP6Qk5egEEOjt5BIO","refType":"connection"}]}]