[{"@type":"mappingTemplate","id":"@1","name":"m_seqgen_DB_Tgt","description":"SeqGen NEXTVAL is stored in DB integer","bundleVersion":"0","templateId":"@3","deployTime":1571103551000,"hasParameters":false,"valid":true,"fixedConnection":true,"hasParametersDeployed":false,"fixedConnectionDeployed":true,"tasks":0,"mappingPreviewFileRecordId":"@2","references":[{"@type":"reference","refObjectId":"@5yXxrwjhS74lojyvnwNmQA","refType":"connection"},{"@type":"reference","refObjectId":"@f90KPYP6Qk5egEEOjt5BIO","refType":"connection"}]}]