[{"@type":"mappingTemplate","id":"@1","name":"m_SP_name_max_length_SS","description":"","bundleVersion":"0","templateId":"@3","deployTime":1570038609000,"hasParameters":false,"valid":true,"fixedConnection":true,"hasParametersDeployed":false,"fixedConnectionDeployed":true,"tasks":0,"mappingPreviewFileRecordId":"@2","references":[{"@type":"reference","refObjectId":"@7QCau7UhySTeQ62EQlP8k5","refType":"connection"},{"@type":"reference","refObjectId":"@1CCi1dA6s0ec0Xede7cD0J","refType":"connection"},{"@type":"reference","refObjectId":"@5yXxrwjhS74lojyvnwNmQA","refType":"connection"}]}]