[{"@type":"mappingTemplate","id":"@1","name":"m_seqgen_optional_disabled_ports_unused","description":"Optional flag disabled for seqgen and o/p ports are not mapped","bundleVersion":"0","templateId":"@3","deployTime":1568439177000,"hasParameters":false,"valid":true,"fixedConnection":true,"hasParametersDeployed":false,"fixedConnectionDeployed":true,"tasks":0,"mappingPreviewFileRecordId":"@2","references":[{"@type":"reference","refObjectId":"@eILspZGFCIbhQkhLkaEqcP","refType":"connection"},{"@type":"reference","refObjectId":"@jXIo8zW76GCbUMZESik6C7","refType":"connection"}]}]