[{"@type":"mappingTemplate","id":"@1","name":"m_seqgen_optional_disabled_ports_unused","description":"Optional flag disabled for seqgen and o/p ports are not mapped","bundleVersion":"0","templateId":"@3","deployTime":1570203619000,"hasParameters":false,"valid":true,"fixedConnection":true,"hasParametersDeployed":false,"fixedConnectionDeployed":true,"tasks":1,"mappingPreviewFileRecordId":"@2","references":[{"@type":"reference","refObjectId":"@1CCi1dA6s0ec0Xede7cD0J","refType":"connection"},{"@type":"reference","refObjectId":"@5yXxrwjhS74lojyvnwNmQA","refType":"connection"}]}]