[{"@type":"mappingTemplate","id":"@1","name":"m_seqgen_mapped_to_invalid_type","description":"NEXTVAL is mapped to port with invalid type","bundleVersion":"0","templateId":"@3","deployTime":1568439171000,"hasParameters":false,"valid":true,"fixedConnection":true,"hasParametersDeployed":false,"fixedConnectionDeployed":true,"tasks":0,"mappingPreviewFileRecordId":"@2","references":[{"@type":"reference","refObjectId":"@2URMUf8WBp0hRWMvw94Fig","refType":"connection"},{"@type":"reference","refObjectId":"@eILspZGFCIbhQkhLkaEqcP","refType":"connection"}]}]