[{"@type":"mappingTemplate","id":"@1","name":"m_seqgen_custom_End_value_cycle_disabled","description":"seqgen reaching End value and cycle disabled","bundleVersion":"0","templateId":"@3","deployTime":1570203625000,"hasParameters":false,"valid":true,"fixedConnection":true,"hasParametersDeployed":false,"fixedConnectionDeployed":true,"tasks":1,"mappingPreviewFileRecordId":"@2","references":[{"@type":"reference","refObjectId":"@1CCi1dA6s0ec0Xede7cD0J","refType":"connection"},{"@type":"reference","refObjectId":"@5yXxrwjhS74lojyvnwNmQA","refType":"connection"}]}]