[{"@type":"mtTask","id":"@1","name":"mct_seqgen_Parameterized_query_Src","description":"Query Source with FF target","runtimeEnvironmentId":"@0euCvMKXRT6kLlV57Gcw0s","maxLogs":10,"verbose":false,"mappingId":"@18EO2ZqmvjSkovVQDvEL8W","shortDescription":"Query Source with FF target","sessionProperties":{},"enableCrossSchemaPushdown":false,"parameters":[{"@type":"mtTaskParameter","id":2514733,"name":"$NewSource$","type":"EXTENDED_SOURCE","label":"","description":"","uiProperties":{"connectionParameterized":"true","logcnx":"SrcConn","isMsrcFilterParameterized":"false","isMsrcSortParameterized":"false","objlabel":"SrcObj","objectParameterized":"true","objDesc":""},"sourceConnectionId":"@5yXxrwjhS74lojyvnwNmQA","newFlatFile":false,"newObject":false,"showBusinessNames":true,"naturalOrder":true,"truncateTarget":false,"bulkApiDBTarget":false,"customFuncCfg":{"@type":"customFuncConfig","id":-1,"connections":[],"inputMap":[],"outputFields":[]},"tgtFieldRefs":{},"targetUpdateColumns":[],"extendedObject":{"@type":"extendedObject","filters":[],"sortFields":[]},"runtimeAttrs":{},"isRESTModernSource":true,"customQuery":"select F1_STRING, F1_INT, F1_NUMBER, F1_DATE, F1_BOOLEAN from auto_cmd_seqgen_all_dt_src1 where F2_BOOLEAN is null","isFileList":false,"handleSpecialChars":false,"frsAsset":false,"fetchMode":"ORIGINAL","tgtObjectAttributes":{},"runtimeParameterData":{"@type":"mtTaskRuntimeParameterData","isConnectionRuntimeParameter":false,"isObjectRuntimeParameter":false},"overriddenFields":[]},{"@type":"mtTaskParameter","id":2514735,"name":"$NewTarget$","type":"TARGET","label":"","description":"","uiProperties":{"connectionParameterized":"true","logcnx":"TgtConn","objlabel":"TgtObj","objectParameterized":"true","objDesc":"","defaultTargetUpdateColumns":""},"targetConnectionId":"@1CCi1dA6s0ec0Xede7cD0J","targetObject":"mct_seqgen_parameterized_query_src.csv","targetObjectLabel":"mct_seqgen_parameterized_query_src.csv","newFlatFile":false,"newObject":true,"showBusinessNames":true,"naturalOrder":true,"newObjectName":"mct_seqgen_parameterized_query_src.csv","truncateTarget":false,"bulkApiDBTarget":false,"customFuncCfg":{"@type":"customFuncConfig","id":-1,"connections":[],"inputMap":[],"outputFields":[]},"tgtFieldRefs":{},"targetUpdateColumns":[],"extendedObject":{"@type":"extendedObject","filters":[],"sortFields":[]},"runtimeAttrs":{},"isRESTModernSource":true,"isFileList":false,"handleSpecialChars":false,"frsAsset":false,"fetchMode":"ORIGINAL","tgtObjectAttributes":{},"runtimeParameterData":{"@type":"mtTaskRuntimeParameterData","isConnectionRuntimeParameter":false,"isObjectRuntimeParameter":false},"overriddenFields":[]}],"sequences":[{"@type":"sequenceDefinition","id":"67767","txName":"NewSequence","initialValue":"1","currentValue":"712"}],"inOutParameters":[],"connRuntimeAttrs":[]}]