[{"@type":"mappingTemplate","id":"@1","name":"m_seqgen_mapped_to_port_overflow_tgt","description":"NEXTVAL is mapped to port with fix size at target  and initial value is set so that integer limit is hit - 2147483647 can be stored max by integer","bundleVersion":"0","templateId":"@3","deployTime":1568439179000,"hasParameters":false,"valid":true,"fixedConnection":true,"hasParametersDeployed":false,"fixedConnectionDeployed":true,"tasks":0,"mappingPreviewFileRecordId":"@2","references":[{"@type":"reference","refObjectId":"@2URMUf8WBp0hRWMvw94Fig","refType":"connection"},{"@type":"reference","refObjectId":"@eILspZGFCIbhQkhLkaEqcP","refType":"connection"}]}]