[{"@type":"mappingTemplate","id":"@1","name":"m_SP_parameter_existing_SS","description":"Stored Proc SS - SP_getEmpFullName","bundleVersion":"0","templateId":"@3","deployTime":1571103292000,"hasParameters":true,"valid":true,"fixedConnection":true,"hasParametersDeployed":true,"fixedConnectionDeployed":true,"tasks":0,"mappingPreviewFileRecordId":"@2","references":[{"@type":"reference","refObjectId":"@1CCi1dA6s0ec0Xede7cD0J","refType":"connection"},{"@type":"reference","refObjectId":"@5yXxrwjhS74lojyvnwNmQA","refType":"connection"}]}]