[{"@type":"customSource","id":"@1","name":"Saved Query1","type":"Oracle","query":"select * from CUSTOMERS","fields":[{"@type":"field","id":105448795,"name":"CUSTOMER_ID","type":"decimal","uniqueName":"CUSTOMER_ID","label":"CUSTOMER_ID","parentObject":"Saved Query1","pcType":"HIPRECDECIMAL","precision":39,"scale":0,"columnIndex":0,"isKey":false,"isExternalId":false,"isSfIdLookup":false,"isNullable":true,"isUnique":false,"isCreateable":false,"isUpdateable":true,"isFilterable":true,"isCalculated":false,"showLabel":true,"naturalOrder":0,"linkedFields":[],"relatedInfos":[],"references":[]},{"@type":"field","id":105448797,"name":"COMPANY","type":"nvarchar","uniqueName":"COMPANY","label":"COMPANY","parentObject":"Saved Query1","pcType":"UNISTRING","precision":100,"scale":0,"columnIndex":1,"isKey":false,"isExternalId":false,"isSfIdLookup":false,"isNullable":true,"isUnique":false,"isCreateable":false,"isUpdateable":true,"isFilterable":true,"isCalculated":false,"showLabel":true,"naturalOrder":0,"linkedFields":[],"relatedInfos":[],"references":[]},{"@type":"field","id":105448799,"name":"FIRST_NAME","type":"nvarchar","uniqueName":"FIRST_NAME","label":"FIRST_NAME","parentObject":"Saved Query1","pcType":"UNISTRING","precision":100,"scale":0,"columnIndex":2,"isKey":false,"isExternalId":false,"isSfIdLookup":false,"isNullable":true,"isUnique":false,"isCreateable":false,"isUpdateable":true,"isFilterable":true,"isCalculated":false,"showLabel":true,"naturalOrder":0,"linkedFields":[],"relatedInfos":[],"references":[]},{"@type":"field","id":105448801,"name":"LAST_NAME","type":"nvarchar","uniqueName":"LAST_NAME","label":"LAST_NAME","parentObject":"Saved Query1","pcType":"UNISTRING","precision":100,"scale":0,"columnIndex":3,"isKey":false,"isExternalId":false,"isSfIdLookup":false,"isNullable":true,"isUnique":false,"isCreateable":false,"isUpdateable":true,"isFilterable":true,"isCalculated":false,"showLabel":true,"naturalOrder":0,"linkedFields":[],"relatedInfos":[],"references":[]},{"@type":"field","id":105448803,"name":"ADDRESS1","type":"nvarchar","uniqueName":"ADDRESS1","label":"ADDRESS1","parentObject":"Saved Query1","pcType":"UNISTRING","precision":600,"scale":0,"columnIndex":4,"isKey":false,"isExternalId":false,"isSfIdLookup":false,"isNullable":true,"isUnique":false,"isCreateable":false,"isUpdateable":true,"isFilterable":true,"isCalculated":false,"showLabel":true,"naturalOrder":0,"linkedFields":[],"relatedInfos":[],"references":[]},{"@type":"field","id":105448805,"name":"ADDRESS2","type":"nvarchar","uniqueName":"ADDRESS2","label":"ADDRESS2","parentObject":"Saved Query1","pcType":"UNISTRING","precision":600,"scale":0,"columnIndex":5,"isKey":false,"isExternalId":false,"isSfIdLookup":false,"isNullable":true,"isUnique":false,"isCreateable":false,"isUpdateable":true,"isFilterable":true,"isCalculated":false,"showLabel":true,"naturalOrder":0,"linkedFields":[],"relatedInfos":[],"references":[]},{"@type":"field","id":105448807,"name":"CITY","type":"nvarchar","uniqueName":"CITY","label":"CITY","parentObject":"Saved Query1","pcType":"UNISTRING","precision":60,"scale":0,"columnIndex":6,"isKey":false,"isExternalId":false,"isSfIdLookup":false,"isNullable":true,"isUnique":false,"isCreateable":false,"isUpdateable":true,"isFilterable":true,"isCalculated":false,"showLabel":true,"naturalOrder":0,"linkedFields":[],"relatedInfos":[],"references":[]},{"@type":"field","id":105448809,"name":"STATE","type":"nvarchar","uniqueName":"STATE","label":"STATE","parentObject":"Saved Query1","pcType":"UNISTRING","precision":4,"scale":0,"columnIndex":7,"isKey":false,"isExternalId":false,"isSfIdLookup":false,"isNullable":true,"isUnique":false,"isCreateable":false,"isUpdateable":true,"isFilterable":true,"isCalculated":false,"showLabel":true,"naturalOrder":0,"linkedFields":[],"relatedInfos":[],"references":[]},{"@type":"field","id":105448811,"name":"POSTAL_CODE","type":"nvarchar","uniqueName":"POSTAL_CODE","label":"POSTAL_CODE","parentObject":"Saved Query1","pcType":"UNISTRING","precision":20,"scale":0,"columnIndex":8,"isKey":false,"isExternalId":false,"isSfIdLookup":false,"isNullable":true,"isUnique":false,"isCreateable":false,"isUpdateable":true,"isFilterable":true,"isCalculated":false,"showLabel":true,"naturalOrder":0,"linkedFields":[],"relatedInfos":[],"references":[]},{"@type":"field","id":105448813,"name":"PHONE","type":"nvarchar","uniqueName":"PHONE","label":"PHONE","parentObject":"Saved Query1","pcType":"UNISTRING","precision":60,"scale":0,"columnIndex":9,"isKey":false,"isExternalId":false,"isSfIdLookup":false,"isNullable":true,"isUnique":false,"isCreateable":false,"isUpdateable":true,"isFilterable":true,"isCalculated":false,"showLabel":true,"naturalOrder":0,"linkedFields":[],"relatedInfos":[],"references":[]},{"@type":"field","id":105448815,"name":"EMAIL","type":"nvarchar","uniqueName":"EMAIL","label":"EMAIL","parentObject":"Saved Query1","pcType":"UNISTRING","precision":60,"scale":0,"columnIndex":10,"isKey":false,"isExternalId":false,"isSfIdLookup":false,"isNullable":true,"isUnique":false,"isCreateable":false,"isUpdateable":true,"isFilterable":true,"isCalculated":false,"showLabel":true,"naturalOrder":0,"linkedFields":[],"relatedInfos":[],"references":[]}]}]