[{"@type":"mappingTemplate","id":"@1","name":"m_seqgen_optional_pipeline","description":"Seqgen used in pipeline is optional and honored in mapping generation","bundleVersion":"0","templateId":"@3","hasParameters":false,"valid":true,"fixedConnection":true,"hasParametersDeployed":false,"fixedConnectionDeployed":false,"tasks":0,"mappingPreviewFileRecordId":"@2","references":[{"@type":"reference","refObjectId":"@1CCi1dA6s0ec0Xede7cD0J","refType":"connection"},{"@type":"reference","refObjectId":"@5yXxrwjhS74lojyvnwNmQA","refType":"connection"}]}]