[{"@type":"mtTask","id":"@1","name":"mct_m_seqgen_with_mapplet_src","description":"","runtimeEnvironmentId":"@2IJ9xp2JTsekj2MV6K6k6y","maxLogs":10,"verbose":false,"mappingId":"@6UQH3Kj2Gv7iKZNJaKiJ2u","shortDescription":"","sessionProperties":{},"enableCrossSchemaPushdown":false,"parameters":[{"@type":"mtTaskParameter","id":2580801,"name":"$NewTarget$","type":"TARGET","label":"NewTarget","uiProperties":{"connectionParameterized":"false","objectParameterized":"false","visible":"false","defaultTargetUpdateColumns":""},"targetConnectionId":"@1CCi1dA6s0ec0Xede7cD0J","targetObject":"m_seqgen_with_mapplet_src.csv","targetObjectLabel":"m_seqgen_with_mapplet_src.csv","newFlatFile":false,"newObject":true,"showBusinessNames":false,"naturalOrder":true,"newObjectName":"m_seqgen_with_mapplet_src.csv","truncateTarget":false,"bulkApiDBTarget":false,"operationType":"Insert","tgtFFAttrs":{"@type":"flatFileAttrs","id":679413,"delimiter":",","textQualifier":"\"","escapeChar":"","headerLineNo":1},"customFuncCfg":{"@type":"customFuncConfig","id":-1,"connections":[],"inputMap":[],"outputFields":[]},"tgtFieldRefs":{},"targetUpdateColumns":[],"extendedObject":{"@type":"extendedObject","filters":[],"sortFields":[]},"runtimeAttrs":{},"isRESTModernSource":true,"isFileList":false,"handleSpecialChars":false,"frsAsset":false,"fetchMode":"ORIGINAL","tgtObjectAttributes":{},"runtimeParameterData":{"@type":"mtTaskRuntimeParameterData","isConnectionRuntimeParameter":false,"isObjectRuntimeParameter":false},"overriddenFields":[]},{"@type":"mtTaskParameter","id":2580803,"name":"$NewMapplet$","type":"MAPPLET","label":"mplt_seqgen_src","uiProperties":{"mpltConnParams":"","visible":"false"},"newFlatFile":false,"newObject":false,"showBusinessNames":true,"naturalOrder":true,"truncateTarget":false,"bulkApiDBTarget":false,"customFuncCfg":{"@type":"customFuncConfig","id":44145,"connections":[{"@type":"pcsConnection","id":15645,"name":"DSN_MySQL_shantosh","connectionId":"@5yXxrwjhS74lojyvnwNmQA"}],"inputMap":[],"outputFields":[],"customFuncId":"@1PSOoL7nLNdkW5zIgqFusz"},"tgtFieldRefs":{},"targetUpdateColumns":[],"runtimeAttrs":{},"isRESTModernSource":true,"isFileList":false,"handleSpecialChars":false,"frsAsset":false,"fetchMode":"ORIGINAL","tgtObjectAttributes":{},"runtimeParameterData":{"@type":"mtTaskRuntimeParameterData","isConnectionRuntimeParameter":false,"isObjectRuntimeParameter":false},"overriddenFields":[]}],"sequences":[{"@type":"sequenceDefinition","id":"68913","txName":"NewSequence","initialValue":"1","currentValue":"1"}],"inOutParameters":[],"connRuntimeAttrs":[]}]