[{"@type":"customFunc","id":"@1","name":"mplt_adt_src","mappletName":"mplt_ADT_Source_Expr","active":false,"mappletXmlFile":"wf_m_mplt_ADT_Src_DB.XML","category":"POWERCENTER_MAPPLET","inputs":[],"outputs":[{"@type":"field","id":106261221,"name":"ID","type":"string","uniqueName":"ID","label":"ID","parentObject":"mplt_adt_src","precision":36,"scale":0,"columnIndex":-1,"isKey":false,"isExternalId":false,"isSfIdLookup":false,"isNullable":true,"isUnique":false,"isCreateable":false,"isUpdateable":true,"isFilterable":true,"isCalculated":false,"showLabel":true,"naturalOrder":0,"linkedFields":[],"relatedInfos":[],"references":[]},{"@type":"field","id":106261223,"name":"NAME","type":"string","uniqueName":"NAME","label":"NAME","parentObject":"mplt_adt_src","precision":160,"scale":0,"columnIndex":-1,"isKey":false,"isExternalId":false,"isSfIdLookup":false,"isNullable":true,"isUnique":false,"isCreateable":false,"isUpdateable":true,"isFilterable":true,"isCalculated":false,"showLabel":true,"naturalOrder":0,"linkedFields":[],"relatedInfos":[],"references":[]},{"@type":"field","id":106261225,"name":"EXTERNALID__C","type":"double","uniqueName":"EXTERNALID__C","label":"EXTERNALID__C","parentObject":"mplt_adt_src","precision":15,"scale":0,"columnIndex":-1,"isKey":false,"isExternalId":false,"isSfIdLookup":false,"isNullable":true,"isUnique":false,"isCreateable":false,"isUpdateable":true,"isFilterable":true,"isCalculated":false,"showLabel":true,"naturalOrder":0,"linkedFields":[],"relatedInfos":[],"references":[]},{"@type":"field","id":106261227,"name":"F_CURRENCY__C","type":"double","uniqueName":"F_CURRENCY__C","label":"F_CURRENCY__C","parentObject":"mplt_adt_src","precision":15,"scale":0,"columnIndex":-1,"isKey":false,"isExternalId":false,"isSfIdLookup":false,"isNullable":true,"isUnique":false,"isCreateable":false,"isUpdateable":true,"isFilterable":true,"isCalculated":false,"showLabel":true,"naturalOrder":0,"linkedFields":[],"relatedInfos":[],"references":[]},{"@type":"field","id":106261229,"name":"F_NUMB__C","type":"double","uniqueName":"F_NUMB__C","label":"F_NUMB__C","parentObject":"mplt_adt_src","precision":15,"scale":0,"columnIndex":-1,"isKey":false,"isExternalId":false,"isSfIdLookup":false,"isNullable":true,"isUnique":false,"isCreateable":false,"isUpdateable":true,"isFilterable":true,"isCalculated":false,"showLabel":true,"naturalOrder":0,"linkedFields":[],"relatedInfos":[],"references":[]},{"@type":"field","id":106261231,"name":"TEXT_FLD__C","type":"text","uniqueName":"TEXT_FLD__C","label":"TEXT_FLD__C","parentObject":"mplt_adt_src","precision":65535,"scale":0,"columnIndex":-1,"isKey":false,"isExternalId":false,"isSfIdLookup":false,"isNullable":true,"isUnique":false,"isCreateable":false,"isUpdateable":true,"isFilterable":true,"isCalculated":false,"showLabel":true,"naturalOrder":0,"linkedFields":[],"relatedInfos":[],"references":[]},{"@type":"field","id":106261233,"name":"DATEFILELD__C","type":"date/time","uniqueName":"DATEFILELD__C","label":"DATEFILELD__C","parentObject":"mplt_adt_src","precision":29,"scale":9,"columnIndex":-1,"isKey":false,"isExternalId":false,"isSfIdLookup":false,"isNullable":true,"isUnique":false,"isCreateable":false,"isUpdateable":true,"isFilterable":true,"isCalculated":false,"showLabel":true,"naturalOrder":0,"linkedFields":[],"relatedInfos":[],"references":[]},{"@type":"field","id":106261235,"name":"DATETIMEFIELD__C","type":"date/time","uniqueName":"DATETIMEFIELD__C","label":"DATETIMEFIELD__C","parentObject":"mplt_adt_src","precision":29,"scale":9,"columnIndex":-1,"isKey":false,"isExternalId":false,"isSfIdLookup":false,"isNullable":true,"isUnique":false,"isCreateable":false,"isUpdateable":true,"isFilterable":true,"isCalculated":false,"showLabel":true,"naturalOrder":0,"linkedFields":[],"relatedInfos":[],"references":[]},{"@type":"field","id":106261237,"name":"EMAILTEST__C","type":"string","uniqueName":"EMAILTEST__C","label":"EMAILTEST__C","parentObject":"mplt_adt_src","precision":160,"scale":0,"columnIndex":-1,"isKey":false,"isExternalId":false,"isSfIdLookup":false,"isNullable":true,"isUnique":false,"isCreateable":false,"isUpdateable":true,"isFilterable":true,"isCalculated":false,"showLabel":true,"naturalOrder":0,"linkedFields":[],"relatedInfos":[],"references":[]},{"@type":"field","id":106261239,"name":"ISVALID__C","type":"double","uniqueName":"ISVALID__C","label":"ISVALID__C","parentObject":"mplt_adt_src","precision":15,"scale":0,"columnIndex":-1,"isKey":false,"isExternalId":false,"isSfIdLookup":false,"isNullable":true,"isUnique":false,"isCreateable":false,"isUpdateable":true,"isFilterable":true,"isCalculated":false,"showLabel":true,"naturalOrder":0,"linkedFields":[],"relatedInfos":[],"references":[]},{"@type":"field","id":106261241,"name":"LONGTXTAREA__C","type":"text","uniqueName":"LONGTXTAREA__C","label":"LONGTXTAREA__C","parentObject":"mplt_adt_src","precision":65535,"scale":0,"columnIndex":-1,"isKey":false,"isExternalId":false,"isSfIdLookup":false,"isNullable":true,"isUnique":false,"isCreateable":false,"isUpdateable":true,"isFilterable":true,"isCalculated":false,"showLabel":true,"naturalOrder":0,"linkedFields":[],"relatedInfos":[],"references":[]},{"@type":"field","id":106261243,"name":"MULTIPICKLIST_FLD__C","type":"text","uniqueName":"MULTIPICKLIST_FLD__C","label":"MULTIPICKLIST_FLD__C","parentObject":"mplt_adt_src","precision":65535,"scale":0,"columnIndex":-1,"isKey":false,"isExternalId":false,"isSfIdLookup":false,"isNullable":true,"isUnique":false,"isCreateable":false,"isUpdateable":true,"isFilterable":true,"isCalculated":false,"showLabel":true,"naturalOrder":0,"linkedFields":[],"relatedInfos":[],"references":[]},{"@type":"field","id":106261245,"name":"PERCENT_FLD__C","type":"double","uniqueName":"PERCENT_FLD__C","label":"PERCENT_FLD__C","parentObject":"mplt_adt_src","precision":15,"scale":0,"columnIndex":-1,"isKey":false,"isExternalId":false,"isSfIdLookup":false,"isNullable":true,"isUnique":false,"isCreateable":false,"isUpdateable":true,"isFilterable":true,"isCalculated":false,"showLabel":true,"naturalOrder":0,"linkedFields":[],"relatedInfos":[],"references":[]},{"@type":"field","id":106261247,"name":"PHONEFLD__C","type":"string","uniqueName":"PHONEFLD__C","label":"PHONEFLD__C","parentObject":"mplt_adt_src","precision":80,"scale":0,"columnIndex":-1,"isKey":false,"isExternalId":false,"isSfIdLookup":false,"isNullable":true,"isUnique":false,"isCreateable":false,"isUpdateable":true,"isFilterable":true,"isCalculated":false,"showLabel":true,"naturalOrder":0,"linkedFields":[],"relatedInfos":[],"references":[]},{"@type":"field","id":106261249,"name":"PICKLISTFLD__C","type":"text","uniqueName":"PICKLISTFLD__C","label":"PICKLISTFLD__C","parentObject":"mplt_adt_src","precision":65535,"scale":0,"columnIndex":-1,"isKey":false,"isExternalId":false,"isSfIdLookup":false,"isNullable":true,"isUnique":false,"isCreateable":false,"isUpdateable":true,"isFilterable":true,"isCalculated":false,"showLabel":true,"naturalOrder":0,"linkedFields":[],"relatedInfos":[],"references":[]},{"@type":"field","id":106261251,"name":"TEXTAREA_FLD__C","type":"text","uniqueName":"TEXTAREA_FLD__C","label":"TEXTAREA_FLD__C","parentObject":"mplt_adt_src","precision":65535,"scale":0,"columnIndex":-1,"isKey":false,"isExternalId":false,"isSfIdLookup":false,"isNullable":true,"isUnique":false,"isCreateable":false,"isUpdateable":true,"isFilterable":true,"isCalculated":false,"showLabel":true,"naturalOrder":0,"linkedFields":[],"relatedInfos":[],"references":[]},{"@type":"field","id":106261253,"name":"URLFLD__C","type":"text","uniqueName":"URLFLD__C","label":"URLFLD__C","parentObject":"mplt_adt_src","precision":65535,"scale":0,"columnIndex":-1,"isKey":false,"isExternalId":false,"isSfIdLookup":false,"isNullable":true,"isUnique":false,"isCreateable":false,"isUpdateable":true,"isFilterable":true,"isCalculated":false,"showLabel":true,"naturalOrder":0,"linkedFields":[],"relatedInfos":[],"references":[]}],"connections":[{"@type":"pcsConnection","id":14879,"name":"Con_SK_Insplash","type":"Relational","subType":"Oracle"}]}]