[{"@type":"mappingTemplate","id":"@1","name":"m_joiner_same_objName_diff_case","description":"cmd_joiner_tc059 - ICS-3209","bundleVersion":"0","templateId":"@3","deployTime":1570844358000,"hasParameters":false,"valid":true,"fixedConnection":true,"hasParametersDeployed":false,"fixedConnectionDeployed":true,"tasks":1,"mappingPreviewFileRecordId":"@2","references":[{"@type":"reference","refObjectId":"@19j0TMLYCO0kRSsYSLdt2v","refType":"connection"},{"@type":"reference","refObjectId":"@3VsU3xf5vk6jbzm3BYSE0W","refType":"connection"}]}]