[{"@type":"mappingTemplate","id":"@1","name":"m_SP_with_in_out_inout_parameters_ORA","description":"","bundleVersion":"0","templateId":"@3","deployTime":1571103293000,"hasParameters":false,"valid":true,"fixedConnection":true,"hasParametersDeployed":false,"fixedConnectionDeployed":true,"tasks":0,"mappingPreviewFileRecordId":"@2","references":[{"@type":"reference","refObjectId":"@1CCi1dA6s0ec0Xede7cD0J","refType":"connection"},{"@type":"reference","refObjectId":"@5yXxrwjhS74lojyvnwNmQA","refType":"connection"},{"@type":"reference","refObjectId":"@f90KPYP6Qk5egEEOjt5BIO","refType":"connection"}]}]