[{"@type":"mappingTemplate","id":"@1","name":"m_joiner_all_fields_in_join_condition","description":"cmd_joiner_tc027","bundleVersion":"0","templateId":"@3","deployTime":1570844364000,"hasParameters":false,"valid":true,"fixedConnection":true,"hasParametersDeployed":false,"fixedConnectionDeployed":true,"tasks":1,"mappingPreviewFileRecordId":"@2","references":[{"@type":"reference","refObjectId":"@19j0TMLYCO0kRSsYSLdt2v","refType":"connection"},{"@type":"reference","refObjectId":"@3VsU3xf5vk6jbzm3BYSE0W","refType":"connection"}]}]