[{"@type":"mappingTemplate","id":"@1","name":"m_union_sorter_distinct_records","description":"Duplicate records will be removed before target load using the Sorter distinct option","bundleVersion":"0","templateId":"@3","deployTime":1570203250000,"hasParameters":false,"valid":true,"fixedConnection":true,"hasParametersDeployed":false,"fixedConnectionDeployed":true,"tasks":1,"mappingPreviewFileRecordId":"@2","references":[{"@type":"reference","refObjectId":"@5yXxrwjhS74lojyvnwNmQA","refType":"connection"},{"@type":"reference","refObjectId":"@f90KPYP6Qk5egEEOjt5BIO","refType":"connection"}]}]