[{"@type":"mappingTemplate","id":"@1","name":"Map_DLkp_Intcond_23_ReturnFirstRow","description":"","bundleVersion":"0","templateId":"@3","deployTime":1570039251000,"hasParameters":false,"valid":true,"fixedConnection":true,"hasParametersDeployed":false,"fixedConnectionDeployed":true,"tasks":1,"mappingPreviewFileRecordId":"@2","references":[{"@type":"reference","refObjectId":"@41SRQErj99bhj34vTcx9ki","refType":"connection"},{"@type":"reference","refObjectId":"@5zSXhrdU2O5elRT4Brj3GI","refType":"connection"}]}]