[{"@type":"drsTask","id":"@1","name":"DRS1","description":"d2","maxLogs":10,"sourceConnectionId":"@4Anv1It0zEFl9kGblCRjEV","targetConnectionId":"@4Anv1It0zEFl9kGblCRjEV","tablePrefix":"tgt12223","verbose":false,"fullRefresh":true,"replicateAllObjects":true,"removeDeleted":true,"queryAll":false,"srcShowLabels":false,"maxRows":0,"stopOnError":true,"replicationObjects":[],"excludedReplicationObjects":[],"majorUpdateTime":1568243407000,"metadataMode":0,"bulkApi":false,"base64BodySize":0.0,"bulkApiDBTarget":false,"fieldExclusions":[{"@type":"fieldExclusion","objectName":"CUSTOMERS","fields":[{"@type":"field","id":-1,"name":"CUSTOMER_ID","uniqueName":"CUSTOMER_ID","label":"CUSTOMER_ID","precision":0,"scale":0,"columnIndex":-1,"isKey":false,"isExternalId":false,"isSfIdLookup":false,"isNullable":true,"isUnique":false,"isCreateable":false,"isUpdateable":true,"isFilterable":true,"isCalculated":false,"showLabel":false,"naturalOrder":0,"linkedFields":[],"relatedInfos":[],"references":[]}]}],"filters":[],"advancedFilters":[],"srcRuntimeAttrs":{"@type":"taskRuntimeAttrs","attrs":{}}}]