[{"@type":"customFunc","id":"@1","name":"mplt_aggr","mappletName":"mplt_Aggregator","active":true,"mappletXmlFile":"wf_m_mplt_Ora_MySQL_Agg.XML","category":"POWERCENTER_MAPPLET","inputs":[{"@type":"field","id":106002525,"name":"F1_TESTCASE_DESC","type":"nstring","uniqueName":"F1_TESTCASE_DESC","label":"F1_TESTCASE_DESC","parentObject":"mplt_aggr","precision":120,"scale":0,"columnIndex":-1,"isKey":false,"isExternalId":false,"isSfIdLookup":false,"isNullable":true,"isUnique":false,"isCreateable":false,"isUpdateable":true,"isFilterable":true,"isCalculated":false,"showLabel":true,"naturalOrder":0,"linkedFields":[],"relatedInfos":[],"references":[]},{"@type":"field","id":106002527,"name":"F2_VARCHAR2_38","type":"nstring","uniqueName":"F2_VARCHAR2_38","label":"F2_VARCHAR2_38","parentObject":"mplt_aggr","precision":38,"scale":0,"columnIndex":-1,"isKey":false,"isExternalId":false,"isSfIdLookup":false,"isNullable":true,"isUnique":false,"isCreateable":false,"isUpdateable":true,"isFilterable":true,"isCalculated":false,"showLabel":true,"naturalOrder":0,"linkedFields":[],"relatedInfos":[],"references":[]},{"@type":"field","id":106002529,"name":"F3_NVARCHAR2_20","type":"string","uniqueName":"F3_NVARCHAR2_20","label":"F3_NVARCHAR2_20","parentObject":"mplt_aggr","precision":20,"scale":0,"columnIndex":-1,"isKey":false,"isExternalId":false,"isSfIdLookup":false,"isNullable":true,"isUnique":false,"isCreateable":false,"isUpdateable":true,"isFilterable":true,"isCalculated":false,"showLabel":true,"naturalOrder":0,"linkedFields":[],"relatedInfos":[],"references":[]},{"@type":"field","id":106002531,"name":"F4_CHAR_DEF","type":"nstring","uniqueName":"F4_CHAR_DEF","label":"F4_CHAR_DEF","parentObject":"mplt_aggr","precision":1,"scale":0,"columnIndex":-1,"isKey":false,"isExternalId":false,"isSfIdLookup":false,"isNullable":true,"isUnique":false,"isCreateable":false,"isUpdateable":true,"isFilterable":true,"isCalculated":false,"showLabel":true,"naturalOrder":0,"linkedFields":[],"relatedInfos":[],"references":[]},{"@type":"field","id":106002533,"name":"F5_CHAR_40","type":"nstring","uniqueName":"F5_CHAR_40","label":"F5_CHAR_40","parentObject":"mplt_aggr","precision":40,"scale":0,"columnIndex":-1,"isKey":false,"isExternalId":false,"isSfIdLookup":false,"isNullable":true,"isUnique":false,"isCreateable":false,"isUpdateable":true,"isFilterable":true,"isCalculated":false,"showLabel":true,"naturalOrder":0,"linkedFields":[],"relatedInfos":[],"references":[]},{"@type":"field","id":106002535,"name":"F6_NCHAR_DEF","type":"string","uniqueName":"F6_NCHAR_DEF","label":"F6_NCHAR_DEF","parentObject":"mplt_aggr","precision":1,"scale":0,"columnIndex":-1,"isKey":false,"isExternalId":false,"isSfIdLookup":false,"isNullable":true,"isUnique":false,"isCreateable":false,"isUpdateable":true,"isFilterable":true,"isCalculated":false,"showLabel":true,"naturalOrder":0,"linkedFields":[],"relatedInfos":[],"references":[]},{"@type":"field","id":106002537,"name":"F7_NCHAR_18","type":"string","uniqueName":"F7_NCHAR_18","label":"F7_NCHAR_18","parentObject":"mplt_aggr","precision":18,"scale":0,"columnIndex":-1,"isKey":false,"isExternalId":false,"isSfIdLookup":false,"isNullable":true,"isUnique":false,"isCreateable":false,"isUpdateable":true,"isFilterable":true,"isCalculated":false,"showLabel":true,"naturalOrder":0,"linkedFields":[],"relatedInfos":[],"references":[]},{"@type":"field","id":106002539,"name":"F8_NUMBER_DEF","type":"double","uniqueName":"F8_NUMBER_DEF","label":"F8_NUMBER_DEF","parentObject":"mplt_aggr","precision":15,"scale":0,"columnIndex":-1,"isKey":false,"isExternalId":false,"isSfIdLookup":false,"isNullable":true,"isUnique":false,"isCreateable":false,"isUpdateable":true,"isFilterable":true,"isCalculated":false,"showLabel":true,"naturalOrder":0,"linkedFields":[],"relatedInfos":[],"references":[]},{"@type":"field","id":106002541,"name":"F9_DECIMAL_10_3","type":"decimal","uniqueName":"F9_DECIMAL_10_3","label":"F9_DECIMAL_10_3","parentObject":"mplt_aggr","precision":10,"scale":3,"columnIndex":-1,"isKey":false,"isExternalId":false,"isSfIdLookup":false,"isNullable":true,"isUnique":false,"isCreateable":false,"isUpdateable":true,"isFilterable":true,"isCalculated":false,"showLabel":true,"naturalOrder":0,"linkedFields":[],"relatedInfos":[],"references":[]},{"@type":"field","id":106002543,"name":"F10_FLOAT_DEF","type":"double","uniqueName":"F10_FLOAT_DEF","label":"F10_FLOAT_DEF","parentObject":"mplt_aggr","precision":15,"scale":0,"columnIndex":-1,"isKey":false,"isExternalId":false,"isSfIdLookup":false,"isNullable":true,"isUnique":false,"isCreateable":false,"isUpdateable":true,"isFilterable":true,"isCalculated":false,"showLabel":true,"naturalOrder":0,"linkedFields":[],"relatedInfos":[],"references":[]},{"@type":"field","id":106002545,"name":"F11_DATE_DEF","type":"date/time","uniqueName":"F11_DATE_DEF","label":"F11_DATE_DEF","parentObject":"mplt_aggr","precision":29,"scale":9,"columnIndex":-1,"isKey":false,"isExternalId":false,"isSfIdLookup":false,"isNullable":true,"isUnique":false,"isCreateable":false,"isUpdateable":true,"isFilterable":true,"isCalculated":false,"showLabel":true,"naturalOrder":0,"linkedFields":[],"relatedInfos":[],"references":[]},{"@type":"field","id":106002547,"name":"F12_TIMESTAMP_DEF","type":"date/time","uniqueName":"F12_TIMESTAMP_DEF","label":"F12_TIMESTAMP_DEF","parentObject":"mplt_aggr","precision":29,"scale":9,"columnIndex":-1,"isKey":false,"isExternalId":false,"isSfIdLookup":false,"isNullable":true,"isUnique":false,"isCreateable":false,"isUpdateable":true,"isFilterable":true,"isCalculated":false,"showLabel":true,"naturalOrder":0,"linkedFields":[],"relatedInfos":[],"references":[]}],"outputs":[{"@type":"field","id":106002549,"name":"F1_TESTCASE_DESC1","type":"nstring","uniqueName":"F1_TESTCASE_DESC1","label":"F1_TESTCASE_DESC1","parentObject":"mplt_aggr","precision":120,"scale":0,"columnIndex":-1,"isKey":false,"isExternalId":false,"isSfIdLookup":false,"isNullable":true,"isUnique":false,"isCreateable":false,"isUpdateable":true,"isFilterable":true,"isCalculated":false,"showLabel":true,"naturalOrder":0,"linkedFields":[],"relatedInfos":[],"references":[]},{"@type":"field","id":106002551,"name":"F2_VARCHAR2_381","type":"nstring","uniqueName":"F2_VARCHAR2_381","label":"F2_VARCHAR2_381","parentObject":"mplt_aggr","precision":38,"scale":0,"columnIndex":-1,"isKey":false,"isExternalId":false,"isSfIdLookup":false,"isNullable":true,"isUnique":false,"isCreateable":false,"isUpdateable":true,"isFilterable":true,"isCalculated":false,"showLabel":true,"naturalOrder":0,"linkedFields":[],"relatedInfos":[],"references":[]},{"@type":"field","id":106002553,"name":"F3_NVARCHAR2_201","type":"string","uniqueName":"F3_NVARCHAR2_201","label":"F3_NVARCHAR2_201","parentObject":"mplt_aggr","precision":20,"scale":0,"columnIndex":-1,"isKey":false,"isExternalId":false,"isSfIdLookup":false,"isNullable":true,"isUnique":false,"isCreateable":false,"isUpdateable":true,"isFilterable":true,"isCalculated":false,"showLabel":true,"naturalOrder":0,"linkedFields":[],"relatedInfos":[],"references":[]},{"@type":"field","id":106002555,"name":"F4_CHAR_DEF1","type":"nstring","uniqueName":"F4_CHAR_DEF1","label":"F4_CHAR_DEF1","parentObject":"mplt_aggr","precision":1,"scale":0,"columnIndex":-1,"isKey":false,"isExternalId":false,"isSfIdLookup":false,"isNullable":true,"isUnique":false,"isCreateable":false,"isUpdateable":true,"isFilterable":true,"isCalculated":false,"showLabel":true,"naturalOrder":0,"linkedFields":[],"relatedInfos":[],"references":[]},{"@type":"field","id":106002557,"name":"F5_CHAR_401","type":"nstring","uniqueName":"F5_CHAR_401","label":"F5_CHAR_401","parentObject":"mplt_aggr","precision":40,"scale":0,"columnIndex":-1,"isKey":false,"isExternalId":false,"isSfIdLookup":false,"isNullable":true,"isUnique":false,"isCreateable":false,"isUpdateable":true,"isFilterable":true,"isCalculated":false,"showLabel":true,"naturalOrder":0,"linkedFields":[],"relatedInfos":[],"references":[]},{"@type":"field","id":106002559,"name":"F6_NCHAR_DEF1","type":"string","uniqueName":"F6_NCHAR_DEF1","label":"F6_NCHAR_DEF1","parentObject":"mplt_aggr","precision":1,"scale":0,"columnIndex":-1,"isKey":false,"isExternalId":false,"isSfIdLookup":false,"isNullable":true,"isUnique":false,"isCreateable":false,"isUpdateable":true,"isFilterable":true,"isCalculated":false,"showLabel":true,"naturalOrder":0,"linkedFields":[],"relatedInfos":[],"references":[]},{"@type":"field","id":106002561,"name":"F7_NCHAR_181","type":"string","uniqueName":"F7_NCHAR_181","label":"F7_NCHAR_181","parentObject":"mplt_aggr","precision":18,"scale":0,"columnIndex":-1,"isKey":false,"isExternalId":false,"isSfIdLookup":false,"isNullable":true,"isUnique":false,"isCreateable":false,"isUpdateable":true,"isFilterable":true,"isCalculated":false,"showLabel":true,"naturalOrder":0,"linkedFields":[],"relatedInfos":[],"references":[]},{"@type":"field","id":106002563,"name":"OUT_F8_NUMBER_DEF","type":"double","uniqueName":"OUT_F8_NUMBER_DEF","label":"OUT_F8_NUMBER_DEF","parentObject":"mplt_aggr","precision":15,"scale":0,"columnIndex":-1,"isKey":false,"isExternalId":false,"isSfIdLookup":false,"isNullable":true,"isUnique":false,"isCreateable":false,"isUpdateable":true,"isFilterable":true,"isCalculated":false,"showLabel":true,"naturalOrder":0,"linkedFields":[],"relatedInfos":[],"references":[]},{"@type":"field","id":106002565,"name":"OUT_F9_DECIMAL_10_3","type":"decimal","uniqueName":"OUT_F9_DECIMAL_10_3","label":"OUT_F9_DECIMAL_10_3","parentObject":"mplt_aggr","precision":15,"scale":6,"columnIndex":-1,"isKey":false,"isExternalId":false,"isSfIdLookup":false,"isNullable":true,"isUnique":false,"isCreateable":false,"isUpdateable":true,"isFilterable":true,"isCalculated":false,"showLabel":true,"naturalOrder":0,"linkedFields":[],"relatedInfos":[],"references":[]},{"@type":"field","id":106002567,"name":"F10_FLOAT_DEF1","type":"double","uniqueName":"F10_FLOAT_DEF1","label":"F10_FLOAT_DEF1","parentObject":"mplt_aggr","precision":15,"scale":0,"columnIndex":-1,"isKey":false,"isExternalId":false,"isSfIdLookup":false,"isNullable":true,"isUnique":false,"isCreateable":false,"isUpdateable":true,"isFilterable":true,"isCalculated":false,"showLabel":true,"naturalOrder":0,"linkedFields":[],"relatedInfos":[],"references":[]},{"@type":"field","id":106002569,"name":"F11_DATE_DEF1","type":"date/time","uniqueName":"F11_DATE_DEF1","label":"F11_DATE_DEF1","parentObject":"mplt_aggr","precision":29,"scale":9,"columnIndex":-1,"isKey":false,"isExternalId":false,"isSfIdLookup":false,"isNullable":true,"isUnique":false,"isCreateable":false,"isUpdateable":true,"isFilterable":true,"isCalculated":false,"showLabel":true,"naturalOrder":0,"linkedFields":[],"relatedInfos":[],"references":[]},{"@type":"field","id":106002571,"name":"F12_TIMESTAMP_DEF1","type":"date/time","uniqueName":"F12_TIMESTAMP_DEF1","label":"F12_TIMESTAMP_DEF1","parentObject":"mplt_aggr","precision":29,"scale":9,"columnIndex":-1,"isKey":false,"isExternalId":false,"isSfIdLookup":false,"isNullable":true,"isUnique":false,"isCreateable":false,"isUpdateable":true,"isFilterable":true,"isCalculated":false,"showLabel":true,"naturalOrder":0,"linkedFields":[],"relatedInfos":[],"references":[]}],"connections":[]}]