[{"@type":"mappingTemplate","id":"@1","name":"m_2_sorters_in_same_pipeline","description":"Lookup on similar table and change the sort data","bundleVersion":"0","templateId":"@3","deployTime":1570203250000,"hasParameters":false,"valid":true,"fixedConnection":true,"hasParametersDeployed":false,"fixedConnectionDeployed":true,"tasks":1,"mappingPreviewFileRecordId":"@2","references":[{"@type":"reference","refObjectId":"@1CCi1dA6s0ec0Xede7cD0J","refType":"connection"},{"@type":"reference","refObjectId":"@5yXxrwjhS74lojyvnwNmQA","refType":"connection"}]}]