[{"@type":"mappingTemplate","id":"@1","name":"m_joiner_master_field_parameterized","description":"cmd_joiner_tc028","bundleVersion":"0","templateId":"@3","deployTime":1568310612000,"hasParameters":true,"valid":true,"fixedConnection":true,"hasParametersDeployed":true,"fixedConnectionDeployed":true,"tasks":1,"mappingPreviewFileRecordId":"@2","references":[{"@type":"reference","refObjectId":"@5OKWMGjaCoxbZrr0vG6oMi","refType":"connection"},{"@type":"reference","refObjectId":"@1CCi1dA6s0ec0Xede7cD0J","refType":"connection"},{"@type":"reference","refObjectId":"@f90KPYP6Qk5egEEOjt5BIO","refType":"connection"}]}]