[{"@type":"mappingTemplate","id":"@1","name":"m_seqgen_custom_no_of_cached_value_cycle_enabled","description":"Run task twice - seqgen with custom No. of cached value and cycle enabled","bundleVersion":"0","templateId":"@3","deployTime":1570203633000,"hasParameters":false,"valid":true,"fixedConnection":true,"hasParametersDeployed":false,"fixedConnectionDeployed":true,"tasks":0,"mappingPreviewFileRecordId":"@2","references":[{"@type":"reference","refObjectId":"@1CCi1dA6s0ec0Xede7cD0J","refType":"connection"},{"@type":"reference","refObjectId":"@5yXxrwjhS74lojyvnwNmQA","refType":"connection"}]}]