[{"@type":"pcsTask","id":"@1","name":"PowerCenter Task1","runtimeEnvironmentId":"@d1orocz2OoelqjotpnjcAN","maxLogs":10,"pcXmlFile":"wf_m_filter_test.XML","workflowName":"wf_m_filter_test","sessionName":"s_m_filter_test","mappingName":"m_filter_test","transformations":[{"@type":"pcsTransformation","name":"FF_ALLDATATYPES_TGT__C","type":"FF_ALLDATATYPES_TGT__C","description":""},{"@type":"pcsTransformation","name":"sp_coffees","type":"sp_coffees","description":""},{"@type":"pcsTransformation","name":"SQ_sp_coffees","type":"SQ_sp_coffees","connectionRef":"DSN_MySQL_shantosh","description":""},{"@type":"pcsTransformation","name":"FILTRANS","type":"FILTRANS","description":""}],"connections":[{"@type":"pcsConnection","id":13275,"name":"DSN_MySQL_shantosh","type":"Relational","subType":"ODBC","connectionId":"@4r2K6va9wDmdriaHLHJBwF"}]}]