[{"@type":"mappingTemplate","id":"@1","name":"m_seqgen_multiple_cycle_disabled","description":"Multiple seqgen to same target with cycle disabled - Current values are updated in MCT","bundleVersion":"0","templateId":"@3","deployTime":1568439174000,"hasParameters":false,"valid":true,"fixedConnection":true,"hasParametersDeployed":false,"fixedConnectionDeployed":true,"tasks":0,"mappingPreviewFileRecordId":"@2","references":[{"@type":"reference","refObjectId":"@eILspZGFCIbhQkhLkaEqcP","refType":"connection"},{"@type":"reference","refObjectId":"@jXIo8zW76GCbUMZESik6C7","refType":"connection"}]}]