[{"@type":"mtTask","id":"@1","name":"s_m_p2i_ora_filter_cond_on_port_from_diff_tx","description":"Session pushed from PC to ICS : s_m_p2i_ora_filter_cond_on_port_from_diff_tx","runtimeEnvironmentId":"@2IJ9xp2JTsekj2MV6K6k6y","maxLogs":10,"verbose":false,"mappingId":"@7NQzmBN6D2olGsACQUB18k","shortDescription":"Session pushed from PC to ICS : s_m_p2i_ora_filter...","sessionProperties":{"Additional Concurrent Pipelines for Lookup Cache Creation":"Auto","Allow Pushdown for User Incompatible Connections":"NO","Allow Temporary Sequence for Pushdown":"NO","Allow Temporary View for Pushdown":"NO","Cache LOOKUP() function":"YES","Commit Interval":"10000","Commit On End Of File":"YES","Commit Type":"Target","Constraint based load ordering":"NO","DTM buffer size":"Auto","Data Column Delimiter":"|","DateTime Format String":"MM/DD/YYYY HH24:MI:SS.US","Default buffer block size":"Auto","Enable high precision":"NO","Error Log File Name":"PMError.log","Error Log Type":"None","Incremental Aggregation":"NO","Line Sequential buffer length":"1024","Log Source Row Data":"NO","Maximum Memory Allowed For Auto Memory Attributes":"512MB","Maximum Percentage of Total Memory Allowed For Auto Memory Attributes":"5","On Pre-Post SQL error":"Stop","On Pre-session command task error":"Stop","On Stored Procedure error":"Stop","Override tracing":"None","Pre 85 Timestamp Compatibility":"NO","Pre-build lookup cache":"Auto","Pushdown Optimization":"None","Rollback Transactions on Errors":"NO","Session Log File Name":"s_m_p2i_ora_filter_cond_on_port_from_diff_tx.log","Session Log File directory":"$PMSessionLogDir\\","Session retry on deadlock":"NO","Stop on errors":"0","Treat source rows as":"Insert","Write Backward Compatible Session Log File":"NO"},"enableCrossSchemaPushdown":false,"parameters":[{"@type":"mtTaskParameter","id":2580487,"name":"$SQ_ALL_DT_ORCL_SRC$","type":"EXTENDED_SOURCE","uiProperties":{"connectionParameterized":"true","logcnx":"ALL_DT_ORCL_SRCSrcParameter","isMsrcFilterParameterized":"false","isMsrcSortParameterized":"false","objectParameterized":"false","visible":"false"},"sourceConnectionId":"@2KONWYzYl0Cddm4v3Q0j0t","newFlatFile":false,"newObject":false,"showBusinessNames":true,"naturalOrder":true,"truncateTarget":false,"bulkApiDBTarget":false,"customFuncCfg":{"@type":"customFuncConfig","id":-1,"connections":[],"inputMap":[],"outputFields":[]},"tgtFieldRefs":{},"targetUpdateColumns":[],"extendedObject":{"@type":"extendedObject","object":{"@type":"mObject","name":"ALL_DT_ORCL_SRC","label":"ALL_DT_ORCL_SRC","metadataUpdated":false,"relations":[],"children":[]},"filters":[],"sortFields":[]},"runtimeAttrs":{},"isRESTModernSource":true,"isFileList":false,"handleSpecialChars":false,"frsAsset":false,"fetchMode":"ORIGINAL","tgtObjectAttributes":{},"runtimeParameterData":{"@type":"mtTaskRuntimeParameterData","isConnectionRuntimeParameter":false,"isObjectRuntimeParameter":false},"overriddenFields":[]},{"@type":"mtTaskParameter","id":2580489,"name":"$ALL_DT_ORCL_TGT$","type":"TARGET","uiProperties":{"connectionParameterized":"true","logcnx":"ALL_DT_ORCL_TGTTgtParameter","default":"ALL_DT_ORCL_TGT","objectParameterized":"false","visible":"false","defaultTargetUpdateColumns":""},"targetConnectionId":"@2KONWYzYl0Cddm4v3Q0j0t","targetObject":"ALL_DT_ORCL_TGT","targetObjectLabel":"ALL_DT_ORCL_TGT","newFlatFile":false,"newObject":false,"showBusinessNames":true,"naturalOrder":true,"truncateTarget":false,"bulkApiDBTarget":false,"operationType":"Insert","customFuncCfg":{"@type":"customFuncConfig","id":-1,"connections":[],"inputMap":[],"outputFields":[]},"tgtFieldRefs":{},"targetUpdateColumns":[],"extendedObject":{"@type":"extendedObject","filters":[],"sortFields":[]},"runtimeAttrs":{},"isRESTModernSource":true,"isFileList":false,"handleSpecialChars":false,"frsAsset":false,"fetchMode":"ORIGINAL","tgtObjectAttributes":{},"runtimeParameterData":{"@type":"mtTaskRuntimeParameterData","isConnectionRuntimeParameter":false,"isObjectRuntimeParameter":false},"overriddenFields":[]}],"sequences":[],"inOutParameters":[],"connRuntimeAttrs":[]}]