[{"@type":"mappingTemplate","id":"@1","name":"Mapping59","description":"","bundleVersion":"0","templateId":"@3","deployTime":1570156710000,"hasParameters":false,"valid":true,"fixedConnection":true,"hasParametersDeployed":false,"fixedConnectionDeployed":true,"tasks":0,"mappingPreviewFileRecordId":"@2","documentType":"","references":[{"@type":"reference","refObjectId":"@cAJKSfuqbmWgjuM3MNEPa3","refType":"connection"},{"@type":"reference","refObjectId":"@luXqQ1rXKcveqIvFxeQ94J","refType":"connection"}]}]