[{"@type":"mappingTemplate","id":"@1","name":"m_joiner_all_fields_in_join_condition","description":"cmd_joiner_tc027","bundleVersion":"0","templateId":"@3","deployTime":1570649621000,"hasParameters":false,"valid":true,"fixedConnection":true,"hasParametersDeployed":false,"fixedConnectionDeployed":true,"tasks":1,"mappingPreviewFileRecordId":"@2","references":[{"@type":"reference","refObjectId":"@5OKWMGjaCoxbZrr0vG6oMi","refType":"connection"},{"@type":"reference","refObjectId":"@1CCi1dA6s0ec0Xede7cD0J","refType":"connection"},{"@type":"reference","refObjectId":"@5yXxrwjhS74lojyvnwNmQA","refType":"connection"}]}]