[{"@type":"dssTask","id":"@1","name":"Synchronization Task1","description":"","maxLogs":10,"sourceConnectionId":"@4Anv1It0zEFl9kGblCRjEV","targetConnectionId":"@4Anv1It0zEFl9kGblCRjEV","targetObject":"R20_SUPPLIER","targetObjectLabel":"R20_SUPPLIER","operation":"Insert","maxRows":0,"truncateTarget":false,"bulkApiDBTarget":false,"verbose":false,"targetMetadataUpdated":false,"modelVersion":"V3-R600","queryAll":false,"srcSettings":{"@type":"taskDataSourceSetting","isShowLabels":false,"isNaturalOrder":true},"tgtSettings":{"@type":"taskDataSourceSetting","isShowLabels":false,"isNaturalOrder":true},"cfSettings":{"@type":"taskDataSourceSetting","isShowLabels":false,"isNaturalOrder":false},"bulkApi":false,"bulkApiSerialMode":false,"bulkApiMonitor":false,"allowNullUpdates":false,"targetBatchSize":200,"assignmentRuleId":"-1","assignmentRuleType":"None","createSuccessFile":false,"bulkApiHardDelete":false,"srcRuntimeAttrs":{"@type":"taskRuntimeAttrs","attrs":{}},"tgtRuntimeAttrs":{"@type":"taskRuntimeAttrs","attrs":{}},"parameterFileEncoding":"UTF-8","sourceObjects":[{"@type":"mObject","name":"SUPPLIER","label":"SUPPLIER","metadataUpdated":false,"relations":[],"children":[]}],"advancedFilters":[],"filters":[],"fieldMaps":[],"sourceFields":[{"@type":"field","id":105239481,"name":"SUPPLIER_ID","type":"decimal","uniqueName":"SUPPLIER_ID","label":"SUPPLIER_ID","parentObject":"SUPPLIER","pcType":"HIPRECDECIMAL","precision":10,"scale":0,"columnIndex":0,"isKey":false,"isExternalId":false,"isSfIdLookup":false,"isNullable":false,"isUnique":false,"isCreateable":false,"isUpdateable":true,"isFilterable":true,"isCalculated":false,"showLabel":false,"naturalOrder":0,"linkedFields":[],"relatedInfos":[],"references":[]},{"@type":"field","id":105239483,"name":"SUPPLIER_NAME","type":"varchar","uniqueName":"SUPPLIER_NAME","label":"SUPPLIER_NAME","parentObject":"SUPPLIER","pcType":"STRING","precision":50,"scale":0,"columnIndex":1,"isKey":false,"isExternalId":false,"isSfIdLookup":false,"isNullable":false,"isUnique":false,"isCreateable":false,"isUpdateable":true,"isFilterable":true,"isCalculated":false,"showLabel":false,"naturalOrder":1,"linkedFields":[],"relatedInfos":[],"references":[]},{"@type":"field","id":105239485,"name":"CONTACT_NAME","type":"varchar","uniqueName":"CONTACT_NAME","label":"CONTACT_NAME","parentObject":"SUPPLIER","pcType":"STRING","precision":50,"scale":0,"columnIndex":2,"isKey":false,"isExternalId":false,"isSfIdLookup":false,"isNullable":true,"isUnique":false,"isCreateable":false,"isUpdateable":true,"isFilterable":true,"isCalculated":false,"showLabel":false,"naturalOrder":2,"linkedFields":[],"relatedInfos":[],"references":[]}],"sortFields":[],"groupFields":[]}]