[{"@type":"mappingTemplate","id":"@1","name":"m_seqgen_custom_initial_value_reset_disabled","description":"seqgen with custom initial Value and reset disabled","bundleVersion":"0","templateId":"@3","deployTime":1568439173000,"hasParameters":false,"valid":true,"fixedConnection":true,"hasParametersDeployed":false,"fixedConnectionDeployed":true,"tasks":0,"mappingPreviewFileRecordId":"@2","references":[{"@type":"reference","refObjectId":"@eILspZGFCIbhQkhLkaEqcP","refType":"connection"},{"@type":"reference","refObjectId":"@jXIo8zW76GCbUMZESik6C7","refType":"connection"}]}]