[{"@type":"drsTask","id":"@1","name":"DRS1","maxLogs":10,"sourceConnectionId":"@4r2K6va9wDmdriaHLHJBwF","targetConnectionId":"@4Anv1It0zEFl9kGblCRjEV","tablePrefix":"tgt1223","verbose":false,"fullRefresh":true,"replicateAllObjects":true,"removeDeleted":true,"queryAll":false,"srcShowLabels":false,"maxRows":0,"stopOnError":true,"replicationObjects":[],"excludedReplicationObjects":[],"majorUpdateTime":1568940327000,"metadataMode":0,"bulkApi":false,"base64BodySize":0.0,"bulkApiDBTarget":false,"fieldExclusions":[],"filters":[],"advancedFilters":[],"srcRuntimeAttrs":{"@type":"taskRuntimeAttrs","attrs":{}}}]