[{"@type":"mappingTemplate","id":"@1","name":"m_SP_with_explicit_return_value_SS_out_port_mapped","description":"Check if salary above threshold","bundleVersion":"0","templateId":"@3","deployTime":1568439786000,"hasParameters":false,"valid":true,"fixedConnection":true,"hasParametersDeployed":false,"fixedConnectionDeployed":true,"tasks":0,"mappingPreviewFileRecordId":"@2","references":[{"@type":"reference","refObjectId":"@66t1IGOYXnngxOAbXwbXcx","refType":"connection"},{"@type":"reference","refObjectId":"@jXIo8zW76GCbUMZESik6C7","refType":"connection"}]}]