[{"@type":"customFunc","id":"@1","name":"mplt_ADT_filter","mappletName":"mplt_ADT_filter","active":false,"mappletXmlFile":"m_DB_ALLDT_DB_mplt_filter.XML","category":"POWERCENTER_MAPPLET","inputs":[{"@type":"field","id":105465631,"name":"ID","type":"string","uniqueName":"ID","label":"ID","parentObject":"mplt_ADT_filter","precision":18,"scale":0,"columnIndex":-1,"isKey":false,"isExternalId":false,"isSfIdLookup":false,"isNullable":true,"isUnique":false,"isCreateable":false,"isUpdateable":true,"isFilterable":true,"isCalculated":false,"showLabel":true,"naturalOrder":0,"linkedFields":[],"relatedInfos":[],"references":[]},{"@type":"field","id":105465633,"name":"NAME","type":"string","uniqueName":"NAME","label":"NAME","parentObject":"mplt_ADT_filter","precision":80,"scale":0,"columnIndex":-1,"isKey":false,"isExternalId":false,"isSfIdLookup":false,"isNullable":true,"isUnique":false,"isCreateable":false,"isUpdateable":true,"isFilterable":true,"isCalculated":false,"showLabel":true,"naturalOrder":0,"linkedFields":[],"relatedInfos":[],"references":[]},{"@type":"field","id":105465635,"name":"DATEFILELD__C","type":"date/time","uniqueName":"DATEFILELD__C","label":"DATEFILELD__C","parentObject":"mplt_ADT_filter","precision":29,"scale":9,"columnIndex":-1,"isKey":false,"isExternalId":false,"isSfIdLookup":false,"isNullable":true,"isUnique":false,"isCreateable":false,"isUpdateable":true,"isFilterable":true,"isCalculated":false,"showLabel":true,"naturalOrder":0,"linkedFields":[],"relatedInfos":[],"references":[]},{"@type":"field","id":105465637,"name":"EXTERNALID__C","type":"double","uniqueName":"EXTERNALID__C","label":"EXTERNALID__C","parentObject":"mplt_ADT_filter","precision":15,"scale":0,"columnIndex":-1,"isKey":false,"isExternalId":false,"isSfIdLookup":false,"isNullable":true,"isUnique":false,"isCreateable":false,"isUpdateable":true,"isFilterable":true,"isCalculated":false,"showLabel":true,"naturalOrder":0,"linkedFields":[],"relatedInfos":[],"references":[]},{"@type":"field","id":105465639,"name":"F_CURRENCY__C","type":"double","uniqueName":"F_CURRENCY__C","label":"F_CURRENCY__C","parentObject":"mplt_ADT_filter","precision":15,"scale":0,"columnIndex":-1,"isKey":false,"isExternalId":false,"isSfIdLookup":false,"isNullable":true,"isUnique":false,"isCreateable":false,"isUpdateable":true,"isFilterable":true,"isCalculated":false,"showLabel":true,"naturalOrder":0,"linkedFields":[],"relatedInfos":[],"references":[]},{"@type":"field","id":105465641,"name":"PICKLISTFLD__C","type":"string","uniqueName":"PICKLISTFLD__C","label":"PICKLISTFLD__C","parentObject":"mplt_ADT_filter","precision":80,"scale":0,"columnIndex":-1,"isKey":false,"isExternalId":false,"isSfIdLookup":false,"isNullable":true,"isUnique":false,"isCreateable":false,"isUpdateable":true,"isFilterable":true,"isCalculated":false,"showLabel":true,"naturalOrder":0,"linkedFields":[],"relatedInfos":[],"references":[]}],"outputs":[{"@type":"field","id":105465643,"name":"ID1","type":"string","uniqueName":"ID1","label":"ID1","parentObject":"mplt_ADT_filter","precision":18,"scale":0,"columnIndex":-1,"isKey":false,"isExternalId":false,"isSfIdLookup":false,"isNullable":true,"isUnique":false,"isCreateable":false,"isUpdateable":true,"isFilterable":true,"isCalculated":false,"showLabel":true,"naturalOrder":0,"linkedFields":[],"relatedInfos":[],"references":[]},{"@type":"field","id":105465645,"name":"NAME1","type":"string","uniqueName":"NAME1","label":"NAME1","parentObject":"mplt_ADT_filter","precision":80,"scale":0,"columnIndex":-1,"isKey":false,"isExternalId":false,"isSfIdLookup":false,"isNullable":true,"isUnique":false,"isCreateable":false,"isUpdateable":true,"isFilterable":true,"isCalculated":false,"showLabel":true,"naturalOrder":0,"linkedFields":[],"relatedInfos":[],"references":[]},{"@type":"field","id":105465647,"name":"DATEFILELD__C1","type":"date/time","uniqueName":"DATEFILELD__C1","label":"DATEFILELD__C1","parentObject":"mplt_ADT_filter","precision":29,"scale":9,"columnIndex":-1,"isKey":false,"isExternalId":false,"isSfIdLookup":false,"isNullable":true,"isUnique":false,"isCreateable":false,"isUpdateable":true,"isFilterable":true,"isCalculated":false,"showLabel":true,"naturalOrder":0,"linkedFields":[],"relatedInfos":[],"references":[]},{"@type":"field","id":105465649,"name":"EXTERNALID__C1","type":"double","uniqueName":"EXTERNALID__C1","label":"EXTERNALID__C1","parentObject":"mplt_ADT_filter","precision":15,"scale":0,"columnIndex":-1,"isKey":false,"isExternalId":false,"isSfIdLookup":false,"isNullable":true,"isUnique":false,"isCreateable":false,"isUpdateable":true,"isFilterable":true,"isCalculated":false,"showLabel":true,"naturalOrder":0,"linkedFields":[],"relatedInfos":[],"references":[]},{"@type":"field","id":105465651,"name":"F_CURRENCY__C1","type":"double","uniqueName":"F_CURRENCY__C1","label":"F_CURRENCY__C1","parentObject":"mplt_ADT_filter","precision":15,"scale":0,"columnIndex":-1,"isKey":false,"isExternalId":false,"isSfIdLookup":false,"isNullable":true,"isUnique":false,"isCreateable":false,"isUpdateable":true,"isFilterable":true,"isCalculated":false,"showLabel":true,"naturalOrder":0,"linkedFields":[],"relatedInfos":[],"references":[]},{"@type":"field","id":105465653,"name":"PICKLISTFLD__C1","type":"string","uniqueName":"PICKLISTFLD__C1","label":"PICKLISTFLD__C1","parentObject":"mplt_ADT_filter","precision":80,"scale":0,"columnIndex":-1,"isKey":false,"isExternalId":false,"isSfIdLookup":false,"isNullable":true,"isUnique":false,"isCreateable":false,"isUpdateable":true,"isFilterable":true,"isCalculated":false,"showLabel":true,"naturalOrder":0,"linkedFields":[],"relatedInfos":[],"references":[]}],"connections":[]}]