[{"@type":"customFunc","id":"@1","name":"mplt_WSC_getcities","mappletName":"mplt_wsc_globalcities","active":true,"mappletXmlFile":"wf_m_mplt_WSC_getcities.XML","category":"POWERCENTER_MAPPLET","inputs":[{"@type":"field","id":106261207,"name":"CountryName","type":"string","uniqueName":"CountryName","label":"CountryName","parentObject":"mplt_WSC_getcities","precision":255,"scale":0,"columnIndex":-1,"isKey":false,"isExternalId":false,"isSfIdLookup":false,"isNullable":true,"isUnique":false,"isCreateable":false,"isUpdateable":true,"isFilterable":true,"isCalculated":false,"showLabel":true,"naturalOrder":0,"linkedFields":[],"relatedInfos":[],"references":[]}],"outputs":[{"@type":"field","id":106261209,"name":"CitiesList","type":"string","uniqueName":"CitiesList","label":"CitiesList","parentObject":"mplt_WSC_getcities","precision":10000,"scale":0,"columnIndex":-1,"isKey":false,"isExternalId":false,"isSfIdLookup":false,"isNullable":true,"isUnique":false,"isCreateable":false,"isUpdateable":true,"isFilterable":true,"isCalculated":false,"showLabel":true,"naturalOrder":0,"linkedFields":[],"relatedInfos":[],"references":[]}],"connections":[]}]