[{"@type":"pcsTask","id":"@1","name":"pcs_mplt_db_lookup","runtimeEnvironmentId":"@8NuyY32BdYmgW91OyrAmUu","maxLogs":10,"pcXmlFile":"wf_m_DB_ALLDT_DB_mplt_db_lkp_conn.XML","workflowName":"wf_m_DB_ALLDT_DB_mplt_db_lkp","sessionName":"s_m_DB_ALLDT_DB_mplt_db_lkp","mappingName":"m_DB_ALLDT_DB_mplt_db_lkp","transformations":[{"@type":"pcsTransformation","name":"MTT_ALLDATATYPES_SRC__C1","type":"MTT_ALLDATATYPES_SRC__C1","connectionRef":"Con_SK_Vespa","description":""},{"@type":"pcsTransformation","name":"mtt_alldatatypes_src__c","type":"mtt_alldatatypes_src__c","description":""},{"@type":"pcsTransformation","name":"SQ_mtt_alldatatypes_src__c","type":"SQ_mtt_alldatatypes_src__c","connectionRef":"Con_SK_Insplash","description":""},{"@type":"pcsTransformation","name":"mplt_ADT_db_lkp","type":"mplt_ADT_db_lkp","description":""}],"connections":[{"@type":"pcsConnection","id":15567,"name":"Con_SK_Vespa","type":"Relational","subType":"Oracle","connectionId":"@4Xqd4vWr1uRhYIkq3IQ16a"},{"@type":"pcsConnection","id":15569,"name":"Con_SK_Insplash","type":"Relational","subType":"Oracle","connectionId":"@gssGLSYBfC1dL1XkxvP8AY"},{"@type":"pcsConnection","id":15571,"name":"Con_MySQL_in174912","type":"Relational","subType":"ODBC","connectionId":"@7ll9X5eATbtjjdAC2t9C4a"}]}]