[{"@type":"pcsTask","id":"@1","name":"PowerCenter Task4","runtimeEnvironmentId":"@d1orocz2OoelqjotpnjcAN","maxLogs":10,"pcXmlFile":"WF_MAP_SRC_SQLSERVER_TAR_FF_CUSTOMIZE_TARGETDIR.XML","workflowName":"WF_MAP_SRC_SQLSERVER_TAR_FF","sessionName":"s_MAP_SRC_SQLSERVER_TAR_FLATFILE","mappingName":"MAP_SRC_SQLSERVER_TAR_FLATFILE","transformations":[{"@type":"pcsTransformation","name":"TAR_ICS_PCS_P0","type":"TAR_ICS_PCS_P0","description":""},{"@type":"pcsTransformation","name":"ICS_PCS_P0","type":"ICS_PCS_P0","description":""},{"@type":"pcsTransformation","name":"SQ_ICS_PCS_P0","type":"SQ_ICS_PCS_P0","connectionRef":"ST_SQLServer2008","description":""}],"connections":[{"@type":"pcsConnection","id":13483,"name":"ST_SQLServer2008","type":"Relational","subType":"Microsoft SQL Server","connectionId":"@5OKWMGjaCoxbZrr0vG6oMi"}]}]