[{"@type":"mtTask","id":"@1","name":"mct_multiple_seqgen_edit_current_value_cycle_enabled","description":"Custom value for SeqGen1 - 1000, SeqGen2 - 9223372036854775800 so that it fails because of cycle disabled","runtimeEnvironmentId":"@2IJ9xp2JTsekj2MV6K6k6y","maxLogs":10,"verbose":false,"mappingId":"@ajdqoTYVyULc9Q5mXXneGp","shortDescription":"Custom value for SeqGen1 - 1000, SeqGen2 - 9223372...","sessionProperties":{},"enableCrossSchemaPushdown":false,"parameters":[{"@type":"mtTaskParameter","id":2580739,"name":"$NewSource$","type":"EXTENDED_SOURCE","label":"NewSource","uiProperties":{"connectionParameterized":"false","isMsrcFilterParameterized":"false","isMsrcSortParameterized":"false","objectParameterized":"false","visible":"false"},"sourceConnectionId":"@5yXxrwjhS74lojyvnwNmQA","newFlatFile":false,"newObject":false,"showBusinessNames":false,"naturalOrder":true,"truncateTarget":false,"bulkApiDBTarget":false,"customFuncCfg":{"@type":"customFuncConfig","id":-1,"connections":[],"inputMap":[],"outputFields":[]},"tgtFieldRefs":{},"targetUpdateColumns":[],"extendedObject":{"@type":"extendedObject","object":{"@type":"mObject","name":"auto_cmd_seqgen_all_dt_src1","label":"auto_cmd_seqgen_all_dt_src1","metadataUpdated":false,"relations":[],"children":[]},"filters":[],"sortFields":[]},"runtimeAttrs":{},"isRESTModernSource":true,"isFileList":false,"handleSpecialChars":false,"frsAsset":false,"fetchMode":"ORIGINAL","tgtObjectAttributes":{},"runtimeParameterData":{"@type":"mtTaskRuntimeParameterData","isConnectionRuntimeParameter":false,"isObjectRuntimeParameter":false},"overriddenFields":[]},{"@type":"mtTaskParameter","id":2580741,"name":"$NewTarget$","type":"TARGET","label":"NewTarget","uiProperties":{"connectionParameterized":"false","objectParameterized":"false","visible":"false","defaultTargetUpdateColumns":""},"targetConnectionId":"@1CCi1dA6s0ec0Xede7cD0J","targetObject":"m_seqgen_multiple_cycle_enabled.csv","targetObjectLabel":"m_seqgen_multiple_cycle_enabled.csv","newFlatFile":false,"newObject":true,"showBusinessNames":false,"naturalOrder":true,"newObjectName":"m_seqgen_multiple_cycle_enabled.csv","truncateTarget":false,"bulkApiDBTarget":false,"operationType":"Insert","tgtFFAttrs":{"@type":"flatFileAttrs","id":679383,"delimiter":",","textQualifier":"\"","escapeChar":"","headerLineNo":1},"customFuncCfg":{"@type":"customFuncConfig","id":-1,"connections":[],"inputMap":[],"outputFields":[]},"tgtFieldRefs":{},"targetUpdateColumns":[],"extendedObject":{"@type":"extendedObject","filters":[],"sortFields":[]},"runtimeAttrs":{},"isRESTModernSource":true,"isFileList":false,"handleSpecialChars":false,"frsAsset":false,"fetchMode":"ORIGINAL","tgtObjectAttributes":{},"runtimeParameterData":{"@type":"mtTaskRuntimeParameterData","isConnectionRuntimeParameter":false,"isObjectRuntimeParameter":false},"overriddenFields":[]}],"sequences":[{"@type":"sequenceDefinition","id":"68879","txName":"NewSequence","initialValue":"1","currentValue":"1"},{"@type":"sequenceDefinition","id":"68881","txName":"NewSequence1","initialValue":"1","currentValue":"1"}],"inOutParameters":[],"connRuntimeAttrs":[]}]