[{"@type":"mappingTemplate","id":"@1","name":"m_seqgen_same_source_multi_target","description":"Same seqgen and Source is used for multi-target","bundleVersion":"0","templateId":"@3","deployTime":1568439171000,"hasParameters":false,"valid":true,"fixedConnection":true,"hasParametersDeployed":false,"fixedConnectionDeployed":true,"tasks":0,"mappingPreviewFileRecordId":"@2","references":[{"@type":"reference","refObjectId":"@eILspZGFCIbhQkhLkaEqcP","refType":"connection"},{"@type":"reference","refObjectId":"@jXIo8zW76GCbUMZESik6C7","refType":"connection"}]}]