[{"@type":"customFunc","id":"@1","name":"mplt_stored_proc","mappletName":"mplt_Stored_Procedure","active":false,"mappletXmlFile":"wf_m_mplt_Ora_MySQL_Sproc.XML","category":"POWERCENTER_MAPPLET","inputs":[{"@type":"field","id":106470911,"name":"F8_NUMBER_DEF","type":"double","uniqueName":"F8_NUMBER_DEF","label":"F8_NUMBER_DEF","parentObject":"mplt_stored_proc","precision":15,"scale":0,"columnIndex":-1,"isKey":false,"isExternalId":false,"isSfIdLookup":false,"isNullable":true,"isUnique":false,"isCreateable":false,"isUpdateable":true,"isFilterable":true,"isCalculated":false,"showLabel":true,"naturalOrder":0,"linkedFields":[],"relatedInfos":[],"references":[]}],"outputs":[{"@type":"field","id":106470913,"name":"OUT_F1_TESTCASE_DESC","type":"nstring","uniqueName":"OUT_F1_TESTCASE_DESC","label":"OUT_F1_TESTCASE_DESC","parentObject":"mplt_stored_proc","precision":4000,"scale":0,"columnIndex":-1,"isKey":false,"isExternalId":false,"isSfIdLookup":false,"isNullable":true,"isUnique":false,"isCreateable":false,"isUpdateable":true,"isFilterable":true,"isCalculated":false,"showLabel":true,"naturalOrder":0,"linkedFields":[],"relatedInfos":[],"references":[]},{"@type":"field","id":106470915,"name":"OUT_F9_DECIMAL_10_3","type":"decimal","uniqueName":"OUT_F9_DECIMAL_10_3","label":"OUT_F9_DECIMAL_10_3","parentObject":"mplt_stored_proc","precision":38,"scale":0,"columnIndex":-1,"isKey":false,"isExternalId":false,"isSfIdLookup":false,"isNullable":true,"isUnique":false,"isCreateable":false,"isUpdateable":true,"isFilterable":true,"isCalculated":false,"showLabel":true,"naturalOrder":0,"linkedFields":[],"relatedInfos":[],"references":[]},{"@type":"field","id":106470917,"name":"OUT_F10_FLOAT_DEF","type":"double","uniqueName":"OUT_F10_FLOAT_DEF","label":"OUT_F10_FLOAT_DEF","parentObject":"mplt_stored_proc","precision":15,"scale":0,"columnIndex":-1,"isKey":false,"isExternalId":false,"isSfIdLookup":false,"isNullable":true,"isUnique":false,"isCreateable":false,"isUpdateable":true,"isFilterable":true,"isCalculated":false,"showLabel":true,"naturalOrder":0,"linkedFields":[],"relatedInfos":[],"references":[]},{"@type":"field","id":106470919,"name":"OUT_F11_DATE_DEF","type":"date/time","uniqueName":"OUT_F11_DATE_DEF","label":"OUT_F11_DATE_DEF","parentObject":"mplt_stored_proc","precision":29,"scale":9,"columnIndex":-1,"isKey":false,"isExternalId":false,"isSfIdLookup":false,"isNullable":true,"isUnique":false,"isCreateable":false,"isUpdateable":true,"isFilterable":true,"isCalculated":false,"showLabel":true,"naturalOrder":0,"linkedFields":[],"relatedInfos":[],"references":[]}],"connections":[{"@type":"pcsConnection","id":15635,"name":"PCS_Oracle","type":"Relational"}]}]