[{"@type":"pcsTask","id":"@1","name":"pcs_wf_m_sp_sqlserver","runtimeEnvironmentId":"@8NuyY32BdYmgW91OyrAmUu","maxLogs":10,"pcXmlFile":"wf_m_sp_sqlserver_test.XML","workflowName":"wf_m_sp_sqlserver_test","sessionName":"s_m_sp_sqlserver_test","mappingName":"m_sp_sqlserver_test","transformations":[{"@type":"pcsTransformation","name":"FF_ALLDATATYPES_TGT__C","type":"FF_ALLDATATYPES_TGT__C","description":""},{"@type":"pcsTransformation","name":"SP_DBUSER","type":"SP_DBUSER","description":""},{"@type":"pcsTransformation","name":"SQ_SP_DBUSER","type":"SQ_SP_DBUSER","connectionRef":"DSN_Oracle_ODQAUTF8","description":""},{"@type":"pcsTransformation","name":"SP_getDBUSERByUserId","type":"SP_getDBUSERByUserId","connectionRef":"Con_SQLServer_TMS27W0864","description":""}],"connections":[{"@type":"pcsConnection","id":15563,"name":"DSN_Oracle_ODQAUTF8","type":"Relational","subType":"ODBC","connectionId":"@4Xqd4vWr1uRhYIkq3IQ16a"},{"@type":"pcsConnection","id":15565,"name":"Con_SQLServer_TMS27W0864","type":"Relational","connectionId":"@gssGLSYBfC1dL1XkxvP8AY"}]}]