[{"@type":"mtTask","id":"@1","name":"mct_seqgen_seq_exhaust_after_db_commit","description":"Tgt DB commit is set using Adv properties","runtimeEnvironmentId":"@0euCvMKXRT6kLlV57Gcw0s","maxLogs":10,"verbose":false,"mappingId":"@6ZtP8r8UzSscNKvOTFZDWM","shortDescription":"Tgt DB commit is set using Adv properties","sessionProperties":{"Commit Interval":"5","Commit Type":"Target"},"enableCrossSchemaPushdown":false,"parameters":[{"@type":"mtTaskParameter","id":2514845,"name":"$NewSource$","type":"EXTENDED_SOURCE","label":"NewSource","uiProperties":{"connectionParameterized":"false","isMsrcFilterParameterized":"false","isMsrcSortParameterized":"false","objectParameterized":"false","visible":"false"},"sourceConnectionId":"@5yXxrwjhS74lojyvnwNmQA","newFlatFile":false,"newObject":false,"showBusinessNames":false,"naturalOrder":true,"truncateTarget":false,"bulkApiDBTarget":false,"customFuncCfg":{"@type":"customFuncConfig","id":-1,"connections":[],"inputMap":[],"outputFields":[]},"tgtFieldRefs":{},"targetUpdateColumns":[],"extendedObject":{"@type":"extendedObject","object":{"@type":"mObject","name":"auto_cmd_seqgen_all_dt_src1","label":"auto_cmd_seqgen_all_dt_src1","metadataUpdated":false,"relations":[],"children":[]},"filters":[],"sortFields":[]},"runtimeAttrs":{},"isRESTModernSource":true,"isFileList":false,"handleSpecialChars":false,"frsAsset":false,"fetchMode":"ORIGINAL","tgtObjectAttributes":{},"runtimeParameterData":{"@type":"mtTaskRuntimeParameterData","isConnectionRuntimeParameter":false,"isObjectRuntimeParameter":false},"overriddenFields":[]},{"@type":"mtTaskParameter","id":2514847,"name":"$NewTarget$","type":"TARGET","label":"NewTarget","uiProperties":{"connectionParameterized":"false","objectParameterized":"false","visible":"false","defaultTargetUpdateColumns":""},"targetConnectionId":"@f90KPYP6Qk5egEEOjt5BIO","targetObject":"AUTO_CMD_SEQGEN_ALL_DT_TGT","targetObjectLabel":"AUTO_CMD_SEQGEN_ALL_DT_TGT","newFlatFile":false,"newObject":false,"showBusinessNames":false,"naturalOrder":true,"truncateTarget":true,"bulkApiDBTarget":false,"operationType":"Insert","customFuncCfg":{"@type":"customFuncConfig","id":-1,"connections":[],"inputMap":[],"outputFields":[]},"tgtFieldRefs":{},"targetUpdateColumns":[],"extendedObject":{"@type":"extendedObject","filters":[],"sortFields":[]},"runtimeAttrs":{},"isRESTModernSource":true,"isFileList":false,"handleSpecialChars":false,"frsAsset":false,"fetchMode":"ORIGINAL","tgtObjectAttributes":{},"runtimeParameterData":{"@type":"mtTaskRuntimeParameterData","isConnectionRuntimeParameter":false,"isObjectRuntimeParameter":false},"overriddenFields":[]}],"sequences":[{"@type":"sequenceDefinition","id":"67821","txName":"NewSequence","initialValue":"1","currentValue":"801"}],"inOutParameters":[],"connRuntimeAttrs":[]}]