[{"@type":"customFunc","id":"@1","name":"mplt_multiple_input_output_groups","mappletName":"mplt_multiple_input_output_group","active":true,"mappletXmlFile":"wf_m_mplt_multiple_input_output_groups.XML","category":"POWERCENTER_MAPPLET","inputs":[{"@type":"field","id":106470971,"name":"INT","type":"integer","uniqueName":"INT","label":"INT","parentObject":"mplt_multiple_input_output_groups","precision":10,"scale":0,"columnIndex":-1,"isKey":false,"isExternalId":false,"isSfIdLookup":false,"isNullable":true,"isUnique":false,"isCreateable":false,"isUpdateable":true,"isFilterable":true,"isCalculated":false,"showLabel":true,"naturalOrder":0,"linkedFields":[],"relatedInfos":[],"references":[]},{"@type":"field","id":106470973,"name":"DECIMAL","type":"decimal","uniqueName":"DECIMAL","label":"DECIMAL","parentObject":"mplt_multiple_input_output_groups","precision":15,"scale":3,"columnIndex":-1,"isKey":false,"isExternalId":false,"isSfIdLookup":false,"isNullable":true,"isUnique":false,"isCreateable":false,"isUpdateable":true,"isFilterable":true,"isCalculated":false,"showLabel":true,"naturalOrder":0,"linkedFields":[],"relatedInfos":[],"references":[]},{"@type":"field","id":106470975,"name":"STRING1","type":"string","uniqueName":"STRING1","label":"STRING1","parentObject":"mplt_multiple_input_output_groups","precision":255,"scale":0,"columnIndex":-1,"isKey":false,"isExternalId":false,"isSfIdLookup":false,"isNullable":true,"isUnique":false,"isCreateable":false,"isUpdateable":true,"isFilterable":true,"isCalculated":false,"showLabel":true,"naturalOrder":0,"linkedFields":[],"relatedInfos":[],"references":[]},{"@type":"field","id":106470977,"name":"STRING2","type":"string","uniqueName":"STRING2","label":"STRING2","parentObject":"mplt_multiple_input_output_groups","precision":255,"scale":0,"columnIndex":-1,"isKey":false,"isExternalId":false,"isSfIdLookup":false,"isNullable":true,"isUnique":false,"isCreateable":false,"isUpdateable":true,"isFilterable":true,"isCalculated":false,"showLabel":true,"naturalOrder":0,"linkedFields":[],"relatedInfos":[],"references":[]},{"@type":"field","id":106470979,"name":"DATE","type":"date/time","uniqueName":"DATE","label":"DATE","parentObject":"mplt_multiple_input_output_groups","precision":29,"scale":9,"columnIndex":-1,"isKey":false,"isExternalId":false,"isSfIdLookup":false,"isNullable":true,"isUnique":false,"isCreateable":false,"isUpdateable":true,"isFilterable":true,"isCalculated":false,"showLabel":true,"naturalOrder":0,"linkedFields":[],"relatedInfos":[],"references":[]},{"@type":"field","id":106470981,"name":"INT1","type":"integer","uniqueName":"INT1","label":"INT1","parentObject":"mplt_multiple_input_output_groups","precision":10,"scale":0,"columnIndex":-1,"isKey":false,"isExternalId":false,"isSfIdLookup":false,"isNullable":true,"isUnique":false,"isCreateable":false,"isUpdateable":true,"isFilterable":true,"isCalculated":false,"showLabel":true,"naturalOrder":0,"linkedFields":[],"relatedInfos":[],"references":[]},{"@type":"field","id":106470983,"name":"DECIMAL1","type":"decimal","uniqueName":"DECIMAL1","label":"DECIMAL1","parentObject":"mplt_multiple_input_output_groups","precision":15,"scale":3,"columnIndex":-1,"isKey":false,"isExternalId":false,"isSfIdLookup":false,"isNullable":true,"isUnique":false,"isCreateable":false,"isUpdateable":true,"isFilterable":true,"isCalculated":false,"showLabel":true,"naturalOrder":0,"linkedFields":[],"relatedInfos":[],"references":[]},{"@type":"field","id":106470985,"name":"STRING11","type":"string","uniqueName":"STRING11","label":"STRING11","parentObject":"mplt_multiple_input_output_groups","precision":255,"scale":0,"columnIndex":-1,"isKey":false,"isExternalId":false,"isSfIdLookup":false,"isNullable":true,"isUnique":false,"isCreateable":false,"isUpdateable":true,"isFilterable":true,"isCalculated":false,"showLabel":true,"naturalOrder":0,"linkedFields":[],"relatedInfos":[],"references":[]},{"@type":"field","id":106470987,"name":"STRING21","type":"string","uniqueName":"STRING21","label":"STRING21","parentObject":"mplt_multiple_input_output_groups","precision":255,"scale":0,"columnIndex":-1,"isKey":false,"isExternalId":false,"isSfIdLookup":false,"isNullable":true,"isUnique":false,"isCreateable":false,"isUpdateable":true,"isFilterable":true,"isCalculated":false,"showLabel":true,"naturalOrder":0,"linkedFields":[],"relatedInfos":[],"references":[]},{"@type":"field","id":106470989,"name":"DATE1","type":"date/time","uniqueName":"DATE1","label":"DATE1","parentObject":"mplt_multiple_input_output_groups","precision":29,"scale":9,"columnIndex":-1,"isKey":false,"isExternalId":false,"isSfIdLookup":false,"isNullable":true,"isUnique":false,"isCreateable":false,"isUpdateable":true,"isFilterable":true,"isCalculated":false,"showLabel":true,"naturalOrder":0,"linkedFields":[],"relatedInfos":[],"references":[]}],"outputs":[{"@type":"field","id":106470991,"name":"OUT_INT","type":"integer","uniqueName":"OUT_INT","label":"OUT_INT","parentObject":"mplt_multiple_input_output_groups","precision":10,"scale":0,"columnIndex":-1,"isKey":false,"isExternalId":false,"isSfIdLookup":false,"isNullable":true,"isUnique":false,"isCreateable":false,"isUpdateable":true,"isFilterable":true,"isCalculated":false,"showLabel":true,"naturalOrder":0,"linkedFields":[],"relatedInfos":[],"references":[]},{"@type":"field","id":106470993,"name":"OUT_DECIMAL","type":"decimal","uniqueName":"OUT_DECIMAL","label":"OUT_DECIMAL","parentObject":"mplt_multiple_input_output_groups","precision":15,"scale":3,"columnIndex":-1,"isKey":false,"isExternalId":false,"isSfIdLookup":false,"isNullable":true,"isUnique":false,"isCreateable":false,"isUpdateable":true,"isFilterable":true,"isCalculated":false,"showLabel":true,"naturalOrder":0,"linkedFields":[],"relatedInfos":[],"references":[]},{"@type":"field","id":106470995,"name":"OUT_STRING1","type":"string","uniqueName":"OUT_STRING1","label":"OUT_STRING1","parentObject":"mplt_multiple_input_output_groups","precision":10,"scale":0,"columnIndex":-1,"isKey":false,"isExternalId":false,"isSfIdLookup":false,"isNullable":true,"isUnique":false,"isCreateable":false,"isUpdateable":true,"isFilterable":true,"isCalculated":false,"showLabel":true,"naturalOrder":0,"linkedFields":[],"relatedInfos":[],"references":[]},{"@type":"field","id":106470997,"name":"OUT_STRING2","type":"string","uniqueName":"OUT_STRING2","label":"OUT_STRING2","parentObject":"mplt_multiple_input_output_groups","precision":10,"scale":0,"columnIndex":-1,"isKey":false,"isExternalId":false,"isSfIdLookup":false,"isNullable":true,"isUnique":false,"isCreateable":false,"isUpdateable":true,"isFilterable":true,"isCalculated":false,"showLabel":true,"naturalOrder":0,"linkedFields":[],"relatedInfos":[],"references":[]},{"@type":"field","id":106470999,"name":"OUT_DATE","type":"date/time","uniqueName":"OUT_DATE","label":"OUT_DATE","parentObject":"mplt_multiple_input_output_groups","precision":29,"scale":9,"columnIndex":-1,"isKey":false,"isExternalId":false,"isSfIdLookup":false,"isNullable":true,"isUnique":false,"isCreateable":false,"isUpdateable":true,"isFilterable":true,"isCalculated":false,"showLabel":true,"naturalOrder":0,"linkedFields":[],"relatedInfos":[],"references":[]},{"@type":"field","id":106471001,"name":"OUT_INT1","type":"integer","uniqueName":"OUT_INT1","label":"OUT_INT1","parentObject":"mplt_multiple_input_output_groups","precision":10,"scale":0,"columnIndex":-1,"isKey":false,"isExternalId":false,"isSfIdLookup":false,"isNullable":true,"isUnique":false,"isCreateable":false,"isUpdateable":true,"isFilterable":true,"isCalculated":false,"showLabel":true,"naturalOrder":0,"linkedFields":[],"relatedInfos":[],"references":[]},{"@type":"field","id":106471003,"name":"OUT_DECIMAL1","type":"decimal","uniqueName":"OUT_DECIMAL1","label":"OUT_DECIMAL1","parentObject":"mplt_multiple_input_output_groups","precision":15,"scale":3,"columnIndex":-1,"isKey":false,"isExternalId":false,"isSfIdLookup":false,"isNullable":true,"isUnique":false,"isCreateable":false,"isUpdateable":true,"isFilterable":true,"isCalculated":false,"showLabel":true,"naturalOrder":0,"linkedFields":[],"relatedInfos":[],"references":[]},{"@type":"field","id":106471005,"name":"OUT_STRING11","type":"string","uniqueName":"OUT_STRING11","label":"OUT_STRING11","parentObject":"mplt_multiple_input_output_groups","precision":255,"scale":0,"columnIndex":-1,"isKey":false,"isExternalId":false,"isSfIdLookup":false,"isNullable":true,"isUnique":false,"isCreateable":false,"isUpdateable":true,"isFilterable":true,"isCalculated":false,"showLabel":true,"naturalOrder":0,"linkedFields":[],"relatedInfos":[],"references":[]},{"@type":"field","id":106471007,"name":"OUT_STRING21","type":"string","uniqueName":"OUT_STRING21","label":"OUT_STRING21","parentObject":"mplt_multiple_input_output_groups","precision":255,"scale":0,"columnIndex":-1,"isKey":false,"isExternalId":false,"isSfIdLookup":false,"isNullable":true,"isUnique":false,"isCreateable":false,"isUpdateable":true,"isFilterable":true,"isCalculated":false,"showLabel":true,"naturalOrder":0,"linkedFields":[],"relatedInfos":[],"references":[]},{"@type":"field","id":106471009,"name":"OUT_DATE1","type":"date/time","uniqueName":"OUT_DATE1","label":"OUT_DATE1","parentObject":"mplt_multiple_input_output_groups","precision":29,"scale":9,"columnIndex":-1,"isKey":false,"isExternalId":false,"isSfIdLookup":false,"isNullable":true,"isUnique":false,"isCreateable":false,"isUpdateable":true,"isFilterable":true,"isCalculated":false,"showLabel":true,"naturalOrder":0,"linkedFields":[],"relatedInfos":[],"references":[]}],"connections":[]}]