[{"@type":"mappingTemplate","id":"@1","name":"m_seqgen_custom_initial_value_reset_disabled","description":"seqgen with custom initial Value and reset disabled","bundleVersion":"0","templateId":"@3","deployTime":1571103540000,"hasParameters":false,"valid":true,"fixedConnection":true,"hasParametersDeployed":false,"fixedConnectionDeployed":true,"tasks":2,"mappingPreviewFileRecordId":"@2","references":[{"@type":"reference","refObjectId":"@1CCi1dA6s0ec0Xede7cD0J","refType":"connection"},{"@type":"reference","refObjectId":"@5yXxrwjhS74lojyvnwNmQA","refType":"connection"}]}]