[{"@type":"mtTask","id":"@1","name":"mct_seqgen_Parameterized_MultiSrc","description":"Multi-Object Source with FF target","runtimeEnvironmentId":"@2IJ9xp2JTsekj2MV6K6k6y","maxLogs":10,"verbose":false,"mappingId":"@8eOGNR7v53ccplo2h9rfmy","shortDescription":"Multi-Object Source with FF target","sessionProperties":{},"enableCrossSchemaPushdown":false,"parameters":[{"@type":"mtTaskParameter","id":2580703,"name":"$NewSource$","type":"EXTENDED_SOURCE","label":"","description":"","uiProperties":{"connectionParameterized":"true","logcnx":"SrcConn","isMsrcFilterParameterized":"false","isMsrcSortParameterized":"false","objlabel":"SrcObj","objectParameterized":"true","objDesc":""},"sourceConnectionId":"@5yXxrwjhS74lojyvnwNmQA","newFlatFile":false,"newObject":false,"showBusinessNames":true,"naturalOrder":true,"truncateTarget":false,"bulkApiDBTarget":false,"customFuncCfg":{"@type":"customFuncConfig","id":-1,"connections":[],"inputMap":[],"outputFields":[]},"tgtFieldRefs":{},"targetUpdateColumns":[],"extendedObject":{"@type":"extendedObject","object":{"@type":"mObject","name":"auto_cmd_seqgen_all_dt_src1","label":"auto_cmd_seqgen_all_dt_src1","metadataUpdated":false,"relations":[],"children":[{"@type":"mObject","name":"auto_cmd_seqgen_all_dt_src2","label":"auto_cmd_seqgen_all_dt_src2","metadataUpdated":false,"relations":[{"@type":"objectRelation","object1":"auto_cmd_seqgen_all_dt_src2","object2":"auto_cmd_seqgen_all_dt_src1","field1":"F4_STRING","field2":"F4_STRING","relationshipName":"auto_cmd_seqgen_all_dt_src2","relationshipType":"Sibling","joinType":"INNER","joinOperator":"EQUALS"}],"children":[]}]},"filters":[],"sortFields":[]},"runtimeAttrs":{},"isRESTModernSource":true,"isFileList":false,"handleSpecialChars":false,"frsAsset":false,"fetchMode":"ORIGINAL","tgtObjectAttributes":{},"runtimeParameterData":{"@type":"mtTaskRuntimeParameterData","isConnectionRuntimeParameter":false,"isObjectRuntimeParameter":false},"overriddenFields":[]},{"@type":"mtTaskParameter","id":2580705,"name":"$NewTarget$","type":"TARGET","label":"","description":"","uiProperties":{"connectionParameterized":"true","logcnx":"TgtConn","objlabel":"TgtObj","objectParameterized":"true","objDesc":"","defaultTargetUpdateColumns":""},"targetConnectionId":"@1CCi1dA6s0ec0Xede7cD0J","targetObject":"mct_seqgen_parameterized_multisrc.csv","targetObjectLabel":"mct_seqgen_parameterized_multisrc.csv","newFlatFile":false,"newObject":true,"showBusinessNames":true,"naturalOrder":true,"newObjectName":"mct_seqgen_parameterized_multisrc.csv","truncateTarget":false,"bulkApiDBTarget":false,"customFuncCfg":{"@type":"customFuncConfig","id":-1,"connections":[],"inputMap":[],"outputFields":[]},"tgtFieldRefs":{},"targetUpdateColumns":[],"extendedObject":{"@type":"extendedObject","filters":[],"sortFields":[]},"runtimeAttrs":{},"isRESTModernSource":true,"isFileList":false,"handleSpecialChars":false,"frsAsset":false,"fetchMode":"ORIGINAL","tgtObjectAttributes":{},"runtimeParameterData":{"@type":"mtTaskRuntimeParameterData","isConnectionRuntimeParameter":false,"isObjectRuntimeParameter":false},"overriddenFields":[]}],"sequences":[{"@type":"sequenceDefinition","id":"68861","txName":"NewSequence","initialValue":"1","currentValue":"1"}],"inOutParameters":[],"connRuntimeAttrs":[]}]