[{"@type":"customFunc","id":"@1","name":"mplt_sfdc_lkp","mappletName":"mplt_ADT_sfdc_lookup","active":true,"mappletXmlFile":"wf_m_DB_ALLDT_DB_mplt_sfdc_lkp.XML","category":"POWERCENTER_MAPPLET","inputs":[{"@type":"field","id":106002455,"name":"ID","type":"string","uniqueName":"ID","label":"ID","parentObject":"mplt_sfdc_lkp","precision":18,"scale":0,"columnIndex":-1,"isKey":false,"isExternalId":false,"isSfIdLookup":false,"isNullable":true,"isUnique":false,"isCreateable":false,"isUpdateable":true,"isFilterable":true,"isCalculated":false,"showLabel":true,"naturalOrder":0,"linkedFields":[],"relatedInfos":[],"references":[]}],"outputs":[{"@type":"field","id":106002457,"name":"ID1","type":"string","uniqueName":"ID1","label":"ID1","parentObject":"mplt_sfdc_lkp","precision":18,"scale":0,"columnIndex":-1,"isKey":false,"isExternalId":false,"isSfIdLookup":false,"isNullable":true,"isUnique":false,"isCreateable":false,"isUpdateable":true,"isFilterable":true,"isCalculated":false,"showLabel":true,"naturalOrder":0,"linkedFields":[],"relatedInfos":[],"references":[]},{"@type":"field","id":106002459,"name":"NAME","type":"string","uniqueName":"NAME","label":"NAME","parentObject":"mplt_sfdc_lkp","precision":80,"scale":0,"columnIndex":-1,"isKey":false,"isExternalId":false,"isSfIdLookup":false,"isNullable":true,"isUnique":false,"isCreateable":false,"isUpdateable":true,"isFilterable":true,"isCalculated":false,"showLabel":true,"naturalOrder":0,"linkedFields":[],"relatedInfos":[],"references":[]},{"@type":"field","id":106002461,"name":"DATEFILELD__C","type":"date/time","uniqueName":"DATEFILELD__C","label":"DATEFILELD__C","parentObject":"mplt_sfdc_lkp","precision":29,"scale":9,"columnIndex":-1,"isKey":false,"isExternalId":false,"isSfIdLookup":false,"isNullable":true,"isUnique":false,"isCreateable":false,"isUpdateable":true,"isFilterable":true,"isCalculated":false,"showLabel":true,"naturalOrder":0,"linkedFields":[],"relatedInfos":[],"references":[]},{"@type":"field","id":106002463,"name":"EXTERNALID__C","type":"decimal","uniqueName":"EXTERNALID__C","label":"EXTERNALID__C","parentObject":"mplt_sfdc_lkp","precision":18,"scale":0,"columnIndex":-1,"isKey":false,"isExternalId":false,"isSfIdLookup":false,"isNullable":true,"isUnique":false,"isCreateable":false,"isUpdateable":true,"isFilterable":true,"isCalculated":false,"showLabel":true,"naturalOrder":0,"linkedFields":[],"relatedInfos":[],"references":[]},{"@type":"field","id":106002465,"name":"F_CURRENCY__C","type":"decimal","uniqueName":"F_CURRENCY__C","label":"F_CURRENCY__C","parentObject":"mplt_sfdc_lkp","precision":18,"scale":0,"columnIndex":-1,"isKey":false,"isExternalId":false,"isSfIdLookup":false,"isNullable":true,"isUnique":false,"isCreateable":false,"isUpdateable":true,"isFilterable":true,"isCalculated":false,"showLabel":true,"naturalOrder":0,"linkedFields":[],"relatedInfos":[],"references":[]},{"@type":"field","id":106002467,"name":"PICKLISTFLD__C","type":"string","uniqueName":"PICKLISTFLD__C","label":"PICKLISTFLD__C","parentObject":"mplt_sfdc_lkp","precision":255,"scale":0,"columnIndex":-1,"isKey":false,"isExternalId":false,"isSfIdLookup":false,"isNullable":true,"isUnique":false,"isCreateable":false,"isUpdateable":true,"isFilterable":true,"isCalculated":false,"showLabel":true,"naturalOrder":0,"linkedFields":[],"relatedInfos":[],"references":[]},{"@type":"field","id":106002469,"name":"phonefld__c","type":"string","uniqueName":"phonefld__c","label":"phonefld__c","parentObject":"mplt_sfdc_lkp","precision":40,"scale":0,"columnIndex":-1,"isKey":false,"isExternalId":false,"isSfIdLookup":false,"isNullable":true,"isUnique":false,"isCreateable":false,"isUpdateable":true,"isFilterable":true,"isCalculated":false,"showLabel":true,"naturalOrder":0,"linkedFields":[],"relatedInfos":[],"references":[]},{"@type":"field","id":106002471,"name":"urlfld__c","type":"string","uniqueName":"urlfld__c","label":"urlfld__c","parentObject":"mplt_sfdc_lkp","precision":255,"scale":0,"columnIndex":-1,"isKey":false,"isExternalId":false,"isSfIdLookup":false,"isNullable":true,"isUnique":false,"isCreateable":false,"isUpdateable":true,"isFilterable":true,"isCalculated":false,"showLabel":true,"naturalOrder":0,"linkedFields":[],"relatedInfos":[],"references":[]}],"connections":[{"@type":"pcsConnection","id":14585,"name":"Con_SK_SFDC_MTT","type":"Application","subType":"Salesforce Connection"}]}]