[{"@type":"mappingTemplate","id":"@1","name":"m_ff_db_adt_joiner","description":"cmd_joiner_tc003","bundleVersion":"0","templateId":"@3","deployTime":1570649620000,"hasParameters":false,"valid":true,"fixedConnection":true,"hasParametersDeployed":false,"fixedConnectionDeployed":true,"tasks":1,"mappingPreviewFileRecordId":"@2","references":[{"@type":"reference","refObjectId":"@1CCi1dA6s0ec0Xede7cD0J","refType":"connection"},{"@type":"reference","refObjectId":"@f90KPYP6Qk5egEEOjt5BIO","refType":"connection"}]}]