[{"@type":"mappingTemplate","id":"@1","name":"m_db_lkp_on_col_with_null_data_edit_type","description":"","bundleVersion":"0","templateId":"@3","deployTime":1568441599000,"hasParameters":false,"valid":true,"fixedConnection":true,"hasParametersDeployed":false,"fixedConnectionDeployed":true,"tasks":0,"mappingPreviewFileRecordId":"@2","references":[{"@type":"reference","refObjectId":"@eILspZGFCIbhQkhLkaEqcP","refType":"connection"},{"@type":"reference","refObjectId":"@jXIo8zW76GCbUMZESik6C7","refType":"connection"}]}]