[{"@type":"mappingTemplate","id":"@1","name":"Map_DLkp_NewLookupRow_18","description":"","bundleVersion":"0","templateId":"@3","deployTime":1570039251000,"hasParameters":false,"valid":true,"fixedConnection":true,"hasParametersDeployed":false,"fixedConnectionDeployed":true,"tasks":1,"mappingPreviewFileRecordId":"@2","references":[{"@type":"reference","refObjectId":"@2Jgk6gbRqAJkAqhW26Kgco","refType":"connection"},{"@type":"reference","refObjectId":"@7XimFEUc0kGkkxlQHnSEGE","refType":"connection"}]}]