[{"@type":"mappingTemplate","id":"@1","name":"Map_DLkp_NewLookupRow__DD_19","description":"","bundleVersion":"0","templateId":"@3","deployTime":1570835350000,"hasParameters":false,"valid":true,"fixedConnection":true,"hasParametersDeployed":false,"fixedConnectionDeployed":true,"tasks":1,"mappingPreviewFileRecordId":"@2","references":[{"@type":"reference","refObjectId":"@41SRQErj99bhj34vTcx9ki","refType":"connection"},{"@type":"reference","refObjectId":"@2Jgk6gbRqAJkAqhW26Kgco","refType":"connection"}]}]