[{"@type":"mappingTemplate","id":"@1","name":"m_SP_with_in_parameter_only_SS","description":"Only IN Parameter is used and SP displays current DB time, We just capture the Return value here","bundleVersion":"0","templateId":"@3","deployTime":1570203493000,"hasParameters":true,"valid":true,"fixedConnection":true,"hasParametersDeployed":true,"fixedConnectionDeployed":true,"tasks":0,"mappingPreviewFileRecordId":"@2","references":[{"@type":"reference","refObjectId":"@1CCi1dA6s0ec0Xede7cD0J","refType":"connection"},{"@type":"reference","refObjectId":"@f90KPYP6Qk5egEEOjt5BIO","refType":"connection"}]}]