[{"@type":"mappingTemplate","id":"@1","name":"m_joiner_condition_parameterized_Shantosh","description":"cmd_joiner_tc032  tc033","bundleVersion":"0","templateId":"@3","deployTime":1568310611000,"hasParameters":true,"valid":true,"fixedConnection":true,"hasParametersDeployed":true,"fixedConnectionDeployed":true,"tasks":1,"mappingPreviewFileRecordId":"@2","references":[{"@type":"reference","refObjectId":"@6mvXdeDzOi7bsomjnybU48","refType":"connection"},{"@type":"reference","refObjectId":"@eTP6RK00oCLgwchFCObrOP","refType":"connection"},{"@type":"reference","refObjectId":"@4jMv1av6OX0i8Bfp68JkS5","refType":"connection"}]}]