[{"@type":"pcsTask","id":"@1","name":"PowerCenter Task2","runtimeEnvironmentId":"@d1orocz2OoelqjotpnjcAN","maxLogs":10,"pcXmlFile":"wf_m_sk_target_pre_post_sql.XML","workflowName":"wf_m_sk_target_pre_post_sql","sessionName":"s_m_sk_target_pre_post_sql","mappingName":"m_sk_target_pre_post_sql","transformations":[{"@type":"pcsTransformation","name":"ALL_DT_ORCL_TGT","type":"ALL_DT_ORCL_TGT","connectionRef":"SK_Con_Oracle","description":""},{"@type":"pcsTransformation","name":"ALL_DT_MSSQL_SRC","type":"ALL_DT_MSSQL_SRC","description":""},{"@type":"pcsTransformation","name":"SQ_ALL_DT_MSSQL_SRC","type":"SQ_ALL_DT_MSSQL_SRC","connectionRef":"SK_Con_Oracle","description":""}],"connections":[{"@type":"pcsConnection","id":14163,"name":"SK_Con_Oracle","type":"Relational","subType":"Oracle","connectionId":"@4r2K6va9wDmdriaHLHJBwF"}]}]