[{"@type":"mappingTemplate","id":"@1","name":"m_db_ff_adt_joiner","description":"cmd_joiner_tc002","bundleVersion":"0","templateId":"@3","deployTime":1570649616000,"hasParameters":false,"valid":true,"fixedConnection":true,"hasParametersDeployed":false,"fixedConnectionDeployed":true,"tasks":1,"mappingPreviewFileRecordId":"@2","references":[{"@type":"reference","refObjectId":"@5OKWMGjaCoxbZrr0vG6oMi","refType":"connection"},{"@type":"reference","refObjectId":"@1CCi1dA6s0ec0Xede7cD0J","refType":"connection"}]}]