[{"@type":"mappingTemplate","id":"@1","name":"m_db_lkp_return_last_row","description":"","bundleVersion":"0","templateId":"@3","deployTime":1568917585000,"hasParameters":false,"valid":true,"fixedConnection":true,"hasParametersDeployed":false,"fixedConnectionDeployed":true,"tasks":0,"mappingPreviewFileRecordId":"@2","references":[{"@type":"reference","refObjectId":"@1CCi1dA6s0ec0Xede7cD0J","refType":"connection"},{"@type":"reference","refObjectId":"@5yXxrwjhS74lojyvnwNmQA","refType":"connection"}]}]