[{"@type":"mappingTemplate","id":"@1","name":"m_seqgen_MultiSrc_AdvRelationship","description":"SeqGen to get input from Multi-obj source - Advanced Relationship","bundleVersion":"0","templateId":"@3","hasParameters":false,"valid":true,"fixedConnection":true,"hasParametersDeployed":false,"fixedConnectionDeployed":false,"tasks":0,"mappingPreviewFileRecordId":"@2","references":[{"@type":"reference","refObjectId":"@1CCi1dA6s0ec0Xede7cD0J","refType":"connection"},{"@type":"reference","refObjectId":"@5yXxrwjhS74lojyvnwNmQA","refType":"connection"}]}]