[{"@type":"mappingTemplate","id":"@1","name":"m_seqgen_2_diff_Src_multi_target","description":"Same seqgen and 2 different source is used for multi-target","bundleVersion":"0","templateId":"@3","deployTime":1570203633000,"hasParameters":false,"valid":true,"fixedConnection":true,"hasParametersDeployed":false,"fixedConnectionDeployed":true,"tasks":1,"mappingPreviewFileRecordId":"@2","references":[{"@type":"reference","refObjectId":"@1CCi1dA6s0ec0Xede7cD0J","refType":"connection"},{"@type":"reference","refObjectId":"@5yXxrwjhS74lojyvnwNmQA","refType":"connection"}]}]