[{"@type":"pcsTask","id":"@1","name":"PowerCenter Task3","runtimeEnvironmentId":"@d1orocz2OoelqjotpnjcAN","maxLogs":10,"pcXmlFile":"wf_ics_router_multiple_groups.xml","workflowName":"wf_mtt_0000010Z00000000009H","sessionName":"s_mtt_0000010Z00000000009H","mappingName":"Mapping0","transformations":[{"@type":"pcsTransformation","name":"SF_ALLDATATYPES_TGT__C","type":"SF_ALLDATATYPES_TGT__C"},{"@type":"pcsTransformation","name":"m_router_default_out","type":"m_router_default_out"},{"@type":"pcsTransformation","name":"m_router_grp1_out","type":"m_router_grp1_out"},{"@type":"pcsTransformation","name":"sk_rtr_adt1_out","type":"sk_rtr_adt1_out"},{"@type":"pcsTransformation","name":"t_mtt_adt","type":"t_mtt_adt","connectionRef":"Conn_0000010B000000000002"},{"@type":"pcsTransformation","name":"NewSource","type":"NewSource","connectionRef":"Conn_0000010B000000000009"},{"@type":"pcsTransformation","name":"NewRouter","type":"NewRouter"},{"@type":"pcsTransformation","name":"NewRouter_RenamingExpr_DEFAULT1","type":"NewRouter_RenamingExpr_DEFAULT1","description":""},{"@type":"pcsTransformation","name":"NewRouter_RenamingExpr_NewGroup","type":"NewRouter_RenamingExpr_NewGroup","description":""},{"@type":"pcsTransformation","name":"NewRouter_RenamingExpr_NewGroup1","type":"NewRouter_RenamingExpr_NewGroup1","description":""},{"@type":"pcsTransformation","name":"NewRouter_RenamingExpr_NewGroup2","type":"NewRouter_RenamingExpr_NewGroup2","description":""},{"@type":"pcsTransformation","name":"IUpdateStrategyNode7","type":"IUpdateStrategyNode7"},{"@type":"pcsTransformation","name":"IUpdateStrategyNode8","type":"IUpdateStrategyNode8"},{"@type":"pcsTransformation","name":"IUpdateStrategyNode9","type":"IUpdateStrategyNode9"},{"@type":"pcsTransformation","name":"IUpdateStrategyNode10","type":"IUpdateStrategyNode10"}],"connections":[{"@type":"pcsConnection","id":13579,"name":"Conn_0000010B000000000002","type":"Relational","subType":"ODBC","connectionId":"@7WZsSiOJCqmjqFyfc3Jeuf"},{"@type":"pcsConnection","id":13581,"name":"Conn_0000010B000000000009","type":"Relational","subType":"ODBC","connectionId":"@7WZsSiOJCqmjqFyfc3Jeuf"}]}]