[{"@type":"mappingTemplate","id":"@1","name":"m_seqgen_mapped_to_invalid_type","description":"NEXTVAL is mapped to port with invalid type","bundleVersion":"0","templateId":"@3","hasParameters":false,"valid":true,"fixedConnection":true,"hasParametersDeployed":false,"fixedConnectionDeployed":false,"tasks":0,"mappingPreviewFileRecordId":"@2","references":[{"@type":"reference","refObjectId":"@5yXxrwjhS74lojyvnwNmQA","refType":"connection"},{"@type":"reference","refObjectId":"@f90KPYP6Qk5egEEOjt5BIO","refType":"connection"}]}]